,Time [s],Net Acceleration [m/s^2],Thrust Force [N]
0,0.002,35.87689234444391,-1698.115563073311
1,0.0073333333333333,-1982.3090058419168,-1830.6543082661751
2,0.008,-858.8030189481228,-2074.6832855038997
3,0.0093333333333333,-209.0351842089557,-2297.7335725888206
4,0.0113333333333333,-2941.1406602276397,-2506.7331633092363
5,0.012,-725.7063011499145,-2695.5282690670147
6,0.0133333333333333,-699.6415132538542,-2869.801566138804
7,0.0153333333333333,-191.80072672096907,-3034.2604090361992
8,0.022,-250.50071261314054,-3187.881772121071
9,0.0266666666666666,-1602.9151197872147,-3334.779564828404
10,0.0273333333333333,-736.326362182577,-3362.3176096130765
11,0.0286666666666666,-1355.7165402095811,-3435.148932072605
12,0.0293333333333333,-1239.1682615828945,-3141.6835011746416
13,0.03,-1161.10883733564,-2653.4043043449087
14,0.0306666666666666,-1048.8616986543268,-2730.92994132075
15,0.0313333333333333,-968.1849837321636,-2205.0091180062896
16,0.032,-913.6602383188622,-2085.898797965425
17,0.0326666666666666,-853.4520171381748,-1964.972738131102
18,0.0333333333333333,-816.0988483740722,-1929.7888194163668
19,0.0339999999999999,-152.9891376926258,-1878.7791964360752
20,0.0373333333333333,-368.74156576404664,-2033.8961618848102
21,0.0386666666666666,-351.9455008532322,-1886.4806948613586
22,0.04,1853.8591856615049,-2079.922984300973
23,0.0406666666666666,-639.7331674080747,-1841.1278231155025
24,0.0413333333333333,-19.358308480636552,-1617.8076123837275
25,0.0446666666666666,-63.982300922888754,-1416.2928370151924
26,0.0453333333333333,-27.830069729839753,-1229.9197748932959
27,0.046,3.6654883608941193,-1053.9662921601114
28,0.0466666666666666,32.886081721813554,-890.4033425667099
29,0.0473333333333333,-2464.676038946854,-734.8386971520114
30,0.048,82.64845461437667,-700.2292070177783
31,0.0486666666666666,-2430.3959259852177,-627.2267000660108
32,0.0493333333333333,87.47152278083115,-557.2866136878039
33,0.0499999999999999,79.55900006310952,-885.3917972120679
34,0.0506666666666666,70.66483117086872,-765.1294801427861
35,0.0513333333333333,67.22091694503911,-755.9624086832667
36,0.052,63.85911019882891,-739.4660983413346
37,0.0526666666666666,55.23103615850033,-729.9003443528056
38,0.0533333333333333,48.14918170758565,-726.327264631669
39,0.054,39.28580749755848,-728.6077244852463
40,0.0546666666666666,36.827917301328256,-281.68904475155085
41,0.0553333333333333,36.61053458125119,-293.54944903351793
42,0.056,31.052610526704566,147.0059402704764
43,0.0566666666666666,28.39081631015851,133.59474118228212
44,0.0573333333333333,31.56986629447049,121.58678775833653
45,0.0579999999999999,27.66386764340096,111.33912758996779
46,0.0586666666666666,25.31300798420966,101.15762834980724
47,0.0593333333333333,23.515931256098327,91.85335640507637
48,0.06,20.216860313049974,83.07356266239687
49,0.0606666666666666,18.20551512923152,75.93025899493034
50,0.0613333333333333,16.75731971455979,69.80800371369378
51,0.062,17.134014592528192,63.895565455657184
52,0.0626666666666666,12.964861179751704,58.22490783125589
53,0.0633333333333333,12.848147707856306,53.43804724954431
54,0.064,13.73338579104242,49.1596156505805
55,0.0646666666666666,10.657032277480548,44.17971231252183
56,0.0653333333333333,12.168710505879613,39.277911827698475
57,0.066,6.4544042547252545,35.56554721005751
58,0.0666666666666666,8.464161332771598,32.4091323480877
59,0.0673333333333333,5.273278157355374,29.06563165137208
60,0.0679999999999999,3.9810380900138718,26.06049018047321
61,0.0686666666666666,5.106881112355056,23.35301260603128
62,0.0693333333333333,4.458940628306974,20.796992156065354
63,0.0699999999999999,4.621751871470675,18.709625849920872
64,0.0706666666666666,3.9037366385889904,17.07526380666631
65,0.0713333333333333,0.4316427277156652,14.904591027105386
66,0.072,4.68876010842655,13.786522797919153
67,0.0726666666666666,5.980293134043823,11.842292155005467
68,0.0733333333333333,1.6418564424076136,11.184059223646068
69,0.074,1.5102847353489186,9.917079634692303
70,0.0746666666666666,1.7157776343268598,9.580249346827841
71,0.0753333333333333,2.9339009816063495,9.38806050824779
72,0.076,1.3683817011712764,8.958593638263979
73,0.0766666666666666,3.7683585786642944,8.462461507489655
74,0.0773333333333333,1.6740925712595163,8.06407015769994
75,0.078,4.445542115334808,7.921775064025783
76,0.0786666666666666,1.3674291563591174,8.215654543989194
77,0.0793333333333333,2.797554636061934,7.269534090239793
78,0.08,1.4253858385840177,6.625930092851119
79,0.0806666666666666,3.401998780330579,6.877207764565321
80,0.0813333333333333,2.9133223201246956,7.075786937224432
81,0.082,2.720954056889447,7.166779239192116
82,0.0826666666666666,1.702651012894058,7.130377974686035
83,0.0833333333333333,2.4084665948611392,7.287099576561639
84,0.0839999999999999,3.1132083403992388,6.910552577697987
85,0.0846666666666666,2.064306505290171,6.705561173952052
86,0.0853333333333333,-0.567464634625681,5.965638146291093
87,0.086,2.4047153707734203,5.97083081519317
88,0.0866666666666666,3.0378435074865067,6.079399360704882
89,0.0873333333333333,2.613502361232864,5.972096608949889
90,0.088,2.2212904230362223,5.488752599613313
91,0.0886666666666666,2.731671734350341,5.272352611192887
92,0.0893333333333333,2.239057267146856,4.8503042193917505
93,0.09,1.6764308071995608,4.63024129421129
94,0.0906666666666666,0.5352514393376518,4.0824255580652915
95,0.0913333333333333,0.3348586283294845,3.868277469858135
96,0.092,1.3962773169262086,3.8803726001740366
97,0.0926666666666666,3.400713222238117,4.377033998440714
98,0.0933333333333333,0.8292594399451677,4.2489912269082435
99,0.094,0.716754284016268,3.7870276320744387
100,0.0946666666666666,1.7111001622334392,3.423813258342929
101,0.0953333333333333,0.3762407691053553,3.067946760505377
102,0.096,0.48007920633594003,3.0355489611339657
103,0.0966666666666666,-0.6349541615055128,2.9326458291567814
104,0.0973333333333333,1.9234967392483624,2.842258868421145
105,0.0979999999999999,2.1315016737118517,3.2155167675032104
106,0.0986666666666666,2.1917653557447494,3.6649171436279846
107,0.0993333333333333,1.6933666400374752,3.7247430692480434
108,0.0999999999999999,0.4713790917431395,3.36144653794336
109,0.1006666666666666,0.5956447293911487,3.4057606778223293
110,0.1013333333333333,0.24425432393871022,3.5784191238038177
111,0.102,2.5516839600647234,3.5156745837819288
112,0.1026666666666666,1.667373200606947,3.814320697427489
113,0.1033333333333333,1.1742810253349103,4.081292157312354
114,0.104,2.6089064342380155,4.630802989079817
115,0.1046666666666666,2.8315273845782305,4.361061034657631
116,0.1053333333333333,1.7286435703709755,4.260824210072604
117,0.106,1.3823991594343215,4.187562240354895
118,0.1066666666666666,1.0754491059394473,4.112889040999288
119,0.1073333333333333,1.6759678728023126,4.31628717701465
120,0.108,1.3625193843340575,4.284409936191998
121,0.1086666666666666,2.0353858449140185,4.454012447388898
122,0.1093333333333333,1.9632539834740783,4.635126005284887
123,0.11,2.41788379275817,4.547317514997292
124,0.1106666666666666,0.42493032579177625,4.467368052526711
125,0.1113333333333333,1.5746304260172581,3.9736933513577175
126,0.112,1.7847544128685813,3.9856507773063536
127,0.1126666666666666,1.2785155325063289,3.7889112294615064
128,0.1133333333333333,1.6013687362729263,3.662788305870592
129,0.1139999999999999,0.41854894704308476,3.5673109480499727
130,0.1146666666666666,1.1864904972548216,3.8440510171759317
131,0.1153333333333333,3.557870392820215,3.4781507173223645
132,0.1159999999999999,1.1795482545647566,3.3474934059857717
133,0.1166666666666666,0.7301173449427993,3.478621206009186
134,0.1173333333333333,-0.1337307944786156,3.238434260079411
135,0.118,2.8979575287373196,2.860627618030905
136,0.1186666666666666,0.6356460823440437,2.7610931894601625
137,0.1193333333333333,0.6817162505959076,2.857003179209524
138,0.12,0.5450193402693413,2.804438031933071
139,0.1206666666666666,3.213412701279856,2.4823594469246095
140,0.1213333333333333,-0.6702600592968688,2.4396230500795077
141,0.122,1.3095118930440606,2.3411512864221407
142,0.1226666666666666,2.6917417613819357,1.8816633966661993
143,0.1233333333333333,1.083511870926085,1.9316206376701208
144,0.124,-1.6739954633665894,1.9532862583270871
145,0.1246666666666666,1.0216613784020234,2.083820761675702
146,0.1253333333333333,2.317587689253922,1.7547586563600586
147,0.126,0.9864869365260366,1.7446069392795729
148,0.1266666666666666,-0.1879567359963049,1.8544752936903572
149,0.1273333333333333,0.18112452012585356,1.926313373750072
150,0.128,0.6394251436027825,1.4723527708189201
151,0.1286666666666666,1.0051598941760986,1.8259850173474428
152,0.1293333333333333,1.4570884823643184,1.605811467432293
153,0.13,0.8504819041481697,1.3061572308177487
154,0.1306666666666666,0.5914608907914648,1.4183094636521745
155,0.1313333333333333,1.069834721428189,1.8774272839453177
156,0.132,0.5792476541191263,1.9080305605384171
157,0.1326666666666666,1.292095997322485,1.3615785977698525
158,0.1333333333333333,0.9441197850455311,1.3020166180220805
159,0.134,0.6914093516623488,1.511474929570048
160,0.1346666666666666,1.2943635325282536,1.5203279156131098
161,0.1353333333333333,0.08632550462656353,1.3449831499937035
162,0.1359999999999999,1.0269960024122438,1.4159552143786465
163,0.1366666666666666,1.7065798311173423,1.4259117293978014
164,0.1373333333333333,0.8766590938175384,1.3906359669836588
165,0.1379999999999999,1.1916795816970203,1.5107032364915312
166,0.1386666666666666,-0.7182565483492148,1.5199761488019856
167,0.1393333333333333,0.6555870490384141,1.7257823809914665
168,0.1399999999999999,0.9757005503812926,1.9694059168016997
169,0.1406666666666666,0.23030777592064017,1.9934987865752132
170,0.1413333333333333,-0.3347124431716967,1.9623676881853525
171,0.142,1.3994491407591154,1.9085069734932847
172,0.1426666666666666,1.5124024546929578,2.0130225529645034
173,0.1433333333333333,0.6545054462918198,1.9546875303976252
174,0.144,1.2585012769463113,1.8702841362529785
175,0.1446666666666666,1.1213509009307163,1.8838664511450611
176,0.1453333333333333,1.7226156107273543,1.8230943901991628
177,0.146,2.6455600851571095,2.270904397832419
178,0.1466666666666666,1.0779690615650546,2.188336732582027
179,0.1473333333333333,0.5184588050520091,2.0784238550400542
180,0.148,0.9951373397945456,2.0684162807103883
181,0.1486666666666666,0.6669676127999997,2.2773903664759825
182,0.1493333333333333,0.7029125437073658,2.0218664447200116
183,0.15,1.2376720858693044,2.064769444306442
184,0.1506666666666666,0.9521163987735536,2.2063225041424337
185,0.1513333333333333,0.8540570208864718,1.9323732465358805
186,0.152,1.7695768273910957,1.8066588256376113
187,0.1526666666666666,0.1968777976473518,1.6009747812457413
188,0.1533333333333333,0.365073452925885,1.2306083414852538
189,0.154,0.17471014075583055,1.158014366744908
190,0.1546666666666666,0.8262546999704917,1.1861674449670372
191,0.1553333333333333,-0.020128202329611464,1.2330472353444653
192,0.156,1.7507524523953502,1.264633002808385
193,0.1566666666666666,1.4409113342695545,1.3197495749330532
194,0.1573333333333333,-0.2634390430900972,1.347198612630608
195,0.158,0.4229374514958855,1.3329322832718424
196,0.1586666666666666,0.5799264752169664,1.2918265946799439
197,0.1593333333333333,0.5879687531544027,1.1079826020693053
198,0.16,0.6746692018964655,1.1374245393999634
199,0.1606666666666666,0.6748647951749476,1.2812655202384273
200,0.1613333333333333,1.255580619669147,1.344448319436398
201,0.162,0.842444098710665,1.2797278931226383
202,0.1626666666666666,1.0091157221777447,1.3456655808901803
203,0.1633333333333333,1.390166739744609,1.165581357256053
204,0.164,0.8728590134470794,1.0447946004365538
205,0.1646666666666666,0.6256920842648139,1.2073335341826397
206,0.1653333333333333,0.7482213128875487,1.3285374761603372
207,0.1659999999999999,0.3604441161510074,1.242076949019331
208,0.1666666666666666,1.164190013139572,1.158700873384041
209,0.1673333333333333,0.5257256918556701,1.1702106438050122
210,0.1679999999999999,0.46669677600515996,1.1232137157041235
211,0.1686666666666666,0.3461922852678405,0.9165800771456518
212,0.1693333333333333,0.7502845433168669,0.9687992508754307
213,0.1699999999999999,0.7698737963834478,0.7970667364787983
214,0.1706666666666666,0.6395550332770464,0.8302296479622352
215,0.1713333333333333,1.0962926847053167,0.8201116547807762
216,0.172,0.09959021332248813,0.6920833104330573
217,0.1726666666666666,0.12476833295834562,0.8176263617502113
218,0.1733333333333333,0.7386123709018604,0.8741335038433419
219,0.174,0.41377075017001086,0.889208690142271
220,0.1746666666666666,0.10761596101097147,0.8938072992631045
221,0.1753333333333333,1.1325506194316588,1.086621971725909
222,0.176,0.05504619775200908,1.2227377506546449
223,0.1766666666666666,1.5744051368748155,1.1528201343249085
224,0.1773333333333333,0.8166479402167509,1.2185406995993233
225,0.178,-0.08557649544473664,1.2116456030878133
226,0.1786666666666666,1.4456827090939603,1.0232973703122077
227,0.1793333333333333,0.6743726833350652,1.1318143944327987
228,0.18,1.247941048133623,1.3734463369063818
229,0.1806666666666666,0.5512735203047453,1.43508714180853
230,0.1813333333333333,1.5378894007985164,1.4505501523126765
231,0.182,1.1023910570941535,1.469549019425936
232,0.1826666666666666,0.3618533414849957,1.3576987292399139
233,0.1833333333333333,1.1349880479079781,1.517075639360257
234,0.184,0.6012489415464335,1.3439857149684147
235,0.1846666666666666,0.049913613729729536,1.2702757393061843
236,0.1853333333333333,0.702462569547995,1.3427658626225891
237,0.186,1.4671680133671405,1.4926266045662955
238,0.1866666666666666,1.0810612870249066,1.4584660015394393
239,0.1873333333333333,0.4996763640819353,1.247726422284152
240,0.188,0.2131652227513005,1.0636901471593176
241,0.1886666666666666,0.5111601183982034,0.7164000584749384
242,0.1893333333333333,0.9404734761983582,0.6881191306470188
243,0.19,0.6127944458090265,0.6730196319392132
244,0.1906666666666666,0.4071480754265825,0.4194963604544663
245,0.1913333333333333,0.3171464118686228,0.28939303094066665
246,0.192,2.2782423865589942,0.2992451274199358
247,0.1926666666666666,0.4845915554080875,0.4388429857313966
248,0.1933333333333333,0.07716560782646939,0.30755893866433615
249,0.194,-0.4711502303887774,0.1976965448617505
250,0.1946666666666666,-0.39149998078136805,0.04424129851364707
251,0.1953333333333333,0.9452747913834895,0.08261584119073832
252,0.1959999999999999,0.27796723755274355,0.013187497706250273
253,0.1966666666666666,-0.2734745714517274,0.06762890704534903
254,0.1973333333333333,-0.12154733353023035,-0.07207689470760177
255,0.1979999999999999,0.10464748305900294,-0.07660961111426348
256,0.1986666666666666,1.478006226833889,-0.21279941663172072
257,0.1993333333333333,0.7378121963279146,-0.7880476000806682
258,0.1999999999999999,0.4707146547883191,-0.9121787987589627
259,0.2006666666666666,-0.3528527822964168,-0.7458706424354451
260,0.2013333333333333,0.4263571265129188,-0.5335931802098077
261,0.2019999999999999,0.1254470990399366,-0.4152088606786754
262,0.2026666666666666,1.2429257503044626,-0.32984891308423286
263,0.2033333333333333,-0.16334889726292193,-0.08611009509198327
264,0.204,0.38196631761179384,0.001715744883114434
265,0.2046666666666666,-0.43946361878391704,0.40148724926575435
266,0.2053333333333333,-0.9175808548240464,0.5600089115984025
267,0.206,-0.2050262150268824,0.6765477875155909
268,0.2066666666666666,1.001099809623789,0.855396701166588
269,0.2073333333333333,0.7081690041980965,1.3231647555702657
270,0.208,0.2661906832804777,1.7567914969915959
271,0.2086666666666666,1.419496722463727,1.9033873305305744
272,0.2093333333333333,1.6320717819541304,2.2330542866959293
273,0.21,0.21444676174325963,2.643754598978531
274,0.2106666666666666,2.0994054685955468,3.262069515940737
275,0.2113333333333333,0.9853233849070469,3.8153640778396603
276,0.212,2.1254444263738272,4.854701814429654
277,0.2126666666666666,1.7314172721667875,5.806474660322715
278,0.2133333333333333,3.0694260681420826,7.184191246507366
279,0.214,2.056184670044305,8.064660788361984
280,0.2146666666666666,1.2407784239516906,8.879881050044256
281,0.2153333333333333,1.9569301888474617,10.032724933048556
282,0.216,3.524594151874477,11.112604845467601
283,0.2166666666666666,3.2717339747493317,12.114522010097007
284,0.2173333333333333,3.455824994828035,13.900239676105558
285,0.218,5.334634917827157,15.34362948620339
286,0.2186666666666666,4.370046066804068,17.511430784262764
287,0.2193333333333333,7.448954819332286,19.61773494092534
288,0.22,5.892597264371673,21.960741063493245
289,0.2206666666666666,5.23717045798849,24.0642622566275
290,0.2213333333333333,6.670878922193256,26.73643120481824
291,0.222,7.4188295692362,29.759796306184626
292,0.2226666666666666,7.198278252117492,33.127718882509775
293,0.2233333333333333,10.135100461790763,36.81136143107913
294,0.224,10.11823774691684,40.91772586088144
295,0.2246666666666666,13.028663929681356,45.44771949409512
296,0.2253333333333333,13.827134185610362,50.22391272230903
297,0.2259999999999999,14.748117953099591,55.70934511356416
298,0.2266666666666666,14.755654918887945,62.052661953150874
299,0.2273333333333333,16.901567715548378,68.62995410074116
300,0.2279999999999999,18.03725120932052,75.97869887850936
301,0.2286666666666666,20.667611168431634,84.7830971496798
302,0.2293333333333333,23.989274977259754,92.86064751562456
303,0.2299999999999999,26.084869695873312,102.23990293655173
304,0.2306666666666666,28.62245629045956,111.67313694275514
305,0.2313333333333333,31.869041741237794,122.78438606108828
306,0.2319999999999999,34.8446704626659,134.37209399144368
307,0.2326666666666666,42.68960392814725,147.01241416418353
308,0.2333333333333333,42.43310919542882,159.85545076697812
309,0.2339999999999999,46.06353033447847,-217.22613815028924
310,0.2346666666666666,55.58420265091796,-204.58903352415612
311,0.2353333333333333,52.29410938004048,-193.79704408750877
312,0.236,59.3052528128239,-184.6838148958399
313,0.2366666666666666,62.541956051809706,-176.2693215136268
314,0.2373333333333333,71.8473995154345,-169.28651328719047
315,0.238,77.40481909832216,-163.61585777412498
316,0.2386666666666666,84.05113514527628,-159.66460068670366
317,0.2393333333333333,86.0983213019584,-156.92077565490308
318,0.24,-2080.1420612881525,-156.47818105223553
319,0.2406666666666666,87.10770452739892,-156.6779643898053
320,0.2413333333333333,77.99274807958358,-157.90333852546706
321,0.242,71.2966622332585,-161.80685020034468
322,0.2426666666666666,70.73646043399901,-165.85305009524853
323,0.2433333333333333,64.87824873163039,-171.35367339132623
324,0.244,60.12609802971257,-178.08353011767596
325,0.2446666666666666,53.82047000468941,-186.5804454780542
326,0.2453333333333333,50.08814286155852,-196.2924559203035
327,0.246,45.14846283185614,-207.43120983281958
328,0.2466666666666666,41.32320176448537,-219.10938756635497
329,0.2473333333333333,39.255896247468876,158.7612620751178
330,0.248,33.89802667937562,146.46098807693414
331,0.2486666666666666,29.815221075018755,135.18172614708064
332,0.2493333333333333,28.7462345012815,125.05684369365294
333,0.25,25.153863127644247,114.54613474294474
334,0.2506666666666666,24.64231417999961,105.01821184943408
335,0.2513333333333333,23.449205530270685,96.5650539371117
336,0.252,22.169168964631375,88.65283384500921
337,0.2526666666666666,21.219556115650626,81.48102325565448
338,0.2533333333333333,19.13932560891848,74.9521652279202
339,0.254,18.77284898193393,69.03865568262144
340,0.2546666666666666,15.330181802619968,63.50417353794413
341,0.2553333333333333,15.047315269771111,58.940127383903715
342,0.256,12.343632930064691,54.990745062629415
343,0.2566666666666666,11.945343767682171,51.17070909908071
344,0.2573333333333333,13.164109627921611,47.82235080169126
345,0.258,9.863691715231205,44.716570919978956
346,0.2586666666666666,10.244750698476667,41.78493652975363
347,0.2593333333333333,8.877029344443446,38.67120349180014
348,0.26,8.470370957270013,36.015894210780274
349,0.2606666666666666,8.508773221483876,33.540971444040565
350,0.2613333333333333,8.542214712484457,31.105996492907185
351,0.262,7.8742081790504,29.219754674945957
352,0.2626666666666666,7.52381248156645,27.256585044557767
353,0.2633333333333333,6.551872586591739,25.811992712752055
354,0.264,7.387981503820191,24.29207622696736
355,0.2646666666666666,7.1623478067966415,22.639321814441494
356,0.2653333333333333,4.8706520871120045,21.59588062860739
357,0.266,6.467837887762469,20.410186670094156
358,0.2666666666666666,5.3897546825867355,19.567939077939865
359,0.2673333333333333,5.245210364526266,18.769451025768113
360,0.268,4.851060591724278,17.964350310611657
361,0.2686666666666666,4.140817323170054,17.0392452155206
362,0.2693333333333333,4.318119975588514,16.235865831498096
363,0.27,3.501363291100551,15.421907388952175
364,0.2706666666666666,3.9821406694445756,14.89810227117394
365,0.2713333333333333,4.0667962383750575,14.03414435706675
366,0.2719999999999999,3.6575620400698137,13.471840730253042
367,0.2726666666666666,4.197876054697374,13.080847787775962
368,0.2733333333333333,4.0343262229825125,12.704515362205118
369,0.2739999999999999,4.035991470614669,12.301471946522026
370,0.2746666666666666,3.4027419619786112,11.73944786844555
371,0.2753333333333333,3.4109893789253536,11.56553310643894
372,0.2759999999999999,3.0018211340891137,11.369148318989478
373,0.2766666666666666,3.641844154490442,11.161164379719635
374,0.2773333333333333,2.5882153143358058,10.890476682474038
375,0.2779999999999999,4.038438768942697,10.51257530843656
376,0.2786666666666667,2.698469073350449,10.131085353178367
377,0.2793333333333333,4.377102190146666,10.201202544287959
378,0.2799999999999999,3.1506245954584413,9.72940389760584
379,0.2806666666666667,2.1228543752125226,9.3874841895971
380,0.2813333333333333,3.884867469465321,9.077283221063574
381,0.282,3.049790726228596,8.833680925707869
382,0.2826666666666667,3.1626536463116186,8.644313975785547
383,0.2833333333333333,1.9975427508472208,8.395053634497513
384,0.284,1.8826885914586027,7.873670188896082
385,0.2846666666666667,1.9474075980517698,7.734298065775315
386,0.2853333333333333,4.047101990678645,7.304518890105653
387,0.286,1.5767724620189354,7.338973367060979
388,0.2866666666666667,2.1347722896006136,6.869754519541964
389,0.2873333333333333,2.3126527565395323,6.597142664200402
390,0.288,2.049395876669131,6.618215539992351
391,0.2886666666666667,2.358950768245795,6.302856167872539
392,0.2893333333333333,1.6170414602667054,6.063576966766607
393,0.29,0.7452694567047081,5.647172147814597
394,0.2906666666666667,1.8139257414426568,5.576058954618087
395,0.2913333333333333,1.6507766818890282,5.468883403304696
396,0.292,2.8898828342133607,5.258106650786892
397,0.2926666666666666,1.7703308150410324,4.859445042058657
398,0.2933333333333333,1.6361142880053268,4.767615564804549
399,0.294,2.239925907390011,4.498106042480414
400,0.2946666666666666,2.1328709576885947,4.569384975988202
401,0.2953333333333333,1.7204618311956328,4.354161997012451
402,0.296,0.8492935410226823,4.348330089663362
403,0.2966666666666666,1.6024694553110548,4.623322720793967
404,0.2973333333333333,1.2872688619397605,4.671598279342662
405,0.298,0.7764256396195235,4.430040452312604
406,0.2986666666666666,1.8323152755217809,4.35539396086217
407,0.2993333333333333,1.0666086994961197,3.8531125871603606
408,0.3,0.6374971655776365,3.5705174181369888
409,0.3006666666666666,2.7086468315827976,3.5636578626944577
410,0.3013333333333333,0.853712660137181,3.2805904257304146
411,0.302,2.326551282973078,3.062215169208709
412,0.3026666666666666,3.1447782998811795,2.8470124637361938
413,0.3033333333333333,1.0134670041974643,2.763413808822458
414,0.304,0.4719378134978822,2.535021333525549
415,0.3046666666666666,1.2360739516088373,2.425601606828287
416,0.3053333333333333,0.09943075809220597,2.5357514961092162
417,0.306,0.20035765380007606,2.3540015443598774
418,0.3066666666666666,1.5980056466579282,2.2996849809573896
419,0.3073333333333333,0.6673290353675544,2.2820722208387996
420,0.308,0.9196750881235629,2.098733440926283
421,0.3086666666666666,0.5248912452372171,2.1517155637795238
422,0.3093333333333333,0.38485656927970174,2.062055722800555
423,0.31,0.33362237032822717,1.9277484219468124
424,0.3106666666666666,0.6793814913994173,2.243538249816487
425,0.3113333333333333,1.3883694689580166,2.6739977729203117
426,0.312,0.8225933213587906,3.010802179352662
427,0.3126666666666666,0.7648500139267446,3.6885280409825403
428,0.3133333333333333,0.539648498252135,4.646179339490615
429,0.314,1.6900980542910367,5.451620183926745
430,0.3146666666666666,1.148057787099634,6.512854132604104
431,0.3153333333333333,1.828441055312138,7.201190495138203
432,0.316,2.3986266284714985,8.324935857403926
433,0.3166666666666666,2.7678549368067675,9.705949473153904
434,0.3173333333333333,2.863379608519128,11.396567953440309
435,0.318,3.1072095428996787,12.564149392439077
436,0.3186666666666666,3.8645744338137487,13.5600548364311
437,0.3193333333333333,5.520642645511603,15.131055228519488
438,0.32,6.072677004636431,17.22619808371706
439,0.3206666666666666,6.563073194686205,19.788069468750205
440,0.3213333333333333,4.743765991090786,21.96719445770396
441,0.322,6.767921035602333,24.73118785464187
442,0.3226666666666666,8.057154434557363,28.253620091431745
443,0.3233333333333333,9.725947260808255,31.747574047887323
444,0.324,7.165945041392575,34.9847085643841
445,0.3246666666666666,6.921177491135909,39.20666203585571
446,0.3253333333333333,9.550373277405393,43.81014360916881
447,0.326,12.404532542802166,49.003373593683136
448,0.3266666666666666,14.772267303991809,54.50679955596111
449,0.3273333333333333,13.796347992923035,60.31795096074638
450,0.328,16.503576658976908,67.04154280190862
451,0.3286666666666666,21.3975090374781,74.85095203898126
452,0.3293333333333333,21.809481942113592,83.2051316015015
453,0.33,20.751935584011072,92.0854720273095
454,0.3306666666666666,26.318676672250284,101.51178608767613
455,0.3313333333333333,28.68210717241692,113.4090570677344
456,0.3319999999999999,32.71585212556001,125.96824491733592
457,0.3326666666666666,36.095231324833655,139.7689234569569
458,0.3333333333333333,38.35685147566565,154.26401892576848
459,0.3339999999999999,43.91636120114308,170.32875706724852
460,0.3346666666666666,48.129372863716604,-127.5357002841279
461,0.3353333333333333,53.18002971627031,-111.33524892602418
462,0.3359999999999999,57.39237902237963,-97.06628549845942
463,0.3366666666666666,62.094358707289516,-83.0274666586242
464,0.3373333333333333,73.26189493060517,-69.58063499292368
465,0.3379999999999999,76.69444332225545,-57.36142426586001
466,0.3386666666666666,86.22080960863323,-45.61180798735494
467,0.3393333333333333,92.93284070286647,-34.19889788504422
468,0.3399999999999999,104.02081253443636,-23.2372158324594
469,0.3406666666666667,-1641.006192848057,-12.233456961498876
470,0.3413333333333333,106.50608420399749,-308.3335960319818
471,0.3419999999999999,100.66952807950449,-299.8473685164701
472,0.3426666666666667,99.8029199411982,-294.0547424786009
473,0.3433333333333333,95.45655594901409,-290.78301617361046
474,0.344,94.20318071149299,-289.2967348355111
475,0.3446666666666667,93.95775316411176,-291.4097288655457
476,0.3453333333333333,96.12090824950847,-295.0566858920914
477,0.346,96.99346495030494,-298.49730811581213
478,0.3466666666666667,99.48884520322402,-304.29915987883317
479,0.3473333333333333,-1601.084411412651,-312.98360541658354
480,0.348,95.27508128322594,-8.458118546351363
481,0.3486666666666667,85.36128548221025,-19.290659261078176
482,0.3493333333333333,75.5686362723265,-29.506928350544083
483,0.35,70.35147725228619,-40.652002937924905
484,0.3506666666666667,61.523039208190916,-51.24354689835445
485,0.3513333333333333,56.43357095255678,-62.25145471094275
486,0.352,67.106241699074,-73.14356417694675
487,0.3526666666666666,60.700330908304934,-85.31962979429589
488,0.3533333333333333,55.773892880267354,-98.31212405772793
489,0.354,50.80206754212176,-111.8372364090791
490,0.3546666666666666,46.32530245551521,180.24703171150998
491,0.3553333333333333,43.912477582471844,166.4466515213647
492,0.356,37.88583890019368,154.389490768103
493,0.3566666666666666,36.61464505773878,143.49603396711692
494,0.3573333333333333,33.04813730822459,133.68190933562576
495,0.358,33.44603390853396,124.8882714814825
496,0.3586666666666666,28.47609926423545,116.88300861152796
497,0.3593333333333333,24.812941264571457,107.10653360587604
498,0.36,24.349332140162048,98.03004607602514
499,0.3606666666666666,21.605967035065895,89.64941369678043
500,0.3613333333333333,18.60630244908558,82.27865921104443
501,0.362,18.377059075200762,75.15824869856584
502,0.3626666666666666,15.049431822403687,68.28924787413003
503,0.3633333333333333,15.828562632890891,62.494472963281254
504,0.364,12.66949557406178,56.78039446169722
505,0.3646666666666666,11.959888341698136,51.72977299696261
506,0.3653333333333333,12.792491667674613,46.55373844029529
507,0.366,10.275400186911067,42.18561198230454
508,0.3666666666666666,9.214824106685526,38.266704735020035
509,0.3673333333333333,9.853431510255056,34.52378437676413
510,0.368,6.76746627507872,31.119585923349717
511,0.3686666666666666,5.751361891161719,28.317257892354164
512,0.3693333333333333,5.692644951033927,25.135293966041083
513,0.37,4.869764493383009,22.77611850433156
514,0.3706666666666666,4.989129170810093,20.085774968273544
515,0.3713333333333333,4.690286371493295,17.941658317778696
516,0.372,4.208730053175741,16.07703349005377
517,0.3726666666666666,3.041234335213092,13.837699542267147
518,0.3733333333333333,3.55533014985144,11.876404121305605
519,0.374,2.693753404985835,10.298901802081419
520,0.3746666666666666,3.03781338799917,8.403729032276056
521,0.3753333333333333,0.6994817067947795,7.052489054782191
522,0.376,1.942901479572995,5.639099973687999
523,0.3766666666666666,0.8822096547908195,5.533829799098193
524,0.3773333333333333,0.7577364046459495,5.617394687027046
525,0.378,1.6008615210040782,4.10264489950535
526,0.3786666666666666,0.35174751330450355,2.660449149755372
527,0.3793333333333333,-0.6206854850975063,0.5338802683055346
528,0.38,0.45092233321784275,-0.8563919665445261
529,0.3806666666666666,-0.6753060997747481,-2.6010888294564376
530,0.3813333333333333,-0.7394224887760924,-3.6950106894654016
531,0.382,-2.1007996704726732,-4.784981963981008
532,0.3826666666666666,5.1078106477572165,-5.449545082501706
533,0.3833333333333333,5.334013870765532,-6.181390294445022
534,0.384,-3.4261474265326632,-6.5713712756149345
535,0.3846666666666666,-3.321912238228801,-7.022999474074009
536,0.3853333333333333,-7.605541510434467,-7.257928901405781
537,0.386,-4.682500302842801,-7.454700932618481
538,0.3866666666666666,-6.137430199659178,-7.496765735835664
539,0.3873333333333333,-3.3835902617306326,-7.321854667040042
540,0.388,-3.0175825815319794,-7.3809873077709
541,0.3886666666666666,-2.9925356183202028,-7.119443097290574
542,0.3893333333333333,-2.1229052534454307,-6.804246581192181
543,0.39,-1.2843513517086957,-7.668685311277505
544,0.3906666666666666,-1.7513091423489013,-8.73796937387381
545,0.3913333333333333,0.295698035827565,-8.546245747449849
546,0.3919999999999999,-0.7414304378771661,-7.657212580958537
547,0.3926666666666666,-0.8543788363040778,-6.67416557696968
548,0.3933333333333333,1.4226504931935153,-6.446019255617409
549,0.3939999999999999,-1.0038207705017332,-6.712115140793182
550,0.3946666666666666,0.7136009027812764,-6.702117714422853
551,0.3953333333333333,-0.34970791437048365,-6.543222544254458
552,0.3959999999999999,0.3053732583943003,-6.870830455388576
553,0.3966666666666666,-0.6064531436583772,-7.496451041650242
554,0.3973333333333333,-2.361016168621773,-8.059793916745873
555,0.3979999999999999,1.6171609089451537,-8.374373221702584
556,0.3986666666666666,-2.144169266051936,-8.905205649677999
557,0.3993333333333333,-3.4150207397746226,-9.248819139527017
558,0.3999999999999999,-7.6157406728579184,-9.352632659746817
559,0.4006666666666666,-3.328049004117698,-9.706710806287132
560,0.4019999999999999,-2.1348316361520077,-7.30277138753261
561,0.4039999999999999,-4.8125795690653,-4.691561212447484
562,0.4046666666666667,-5.598575177121352,-1.9508019248985113
563,0.4053333333333333,-4.414033991128871,0.4819414925819127
564,0.4059999999999999,-3.498971947663948,3.3220157125205008
565,0.4066666666666667,-2.6533710084803035,6.561665310892315
566,0.4073333333333333,-2.6503942703717134,9.187285890039325
567,0.408,-1.4311206153029719,12.913566140460192
568,0.4086666666666667,-0.5444503209193354,16.631240390938785
569,0.4093333333333333,12.35139822257894,21.3408611119877
570,0.41,15.22032409769865,25.749394713151943
571,0.4106666666666667,14.876732572012692,30.16999585056936
572,0.4113333333333333,13.820614466618876,35.290656477565385
573,0.412,15.171736967111555,41.13283580596339
574,0.4126666666666666,15.637037155666087,46.93490801069762
575,0.4133333333333333,16.20394190420631,52.99541767359363
576,0.414,18.557387680730663,59.14216070815064
577,0.4146666666666666,17.238725096217557,65.61033689647755
578,0.4153333333333333,18.548818888524952,72.5815081370875
579,0.416,21.16380433568363,80.38480469706292
580,0.4166666666666666,22.42406357172251,86.99098640868542
581,0.4173333333333333,23.63553502535706,93.322437393311
582,0.418,26.857976647312004,100.70831498793945
583,0.4186666666666666,27.819700479616834,109.21038891520595
584,0.4193333333333333,30.17052617953613,118.46064664623685
585,0.42,31.49520140572523,128.8534914850499
586,0.4206666666666666,33.283917887000065,140.38366917684056
587,0.4213333333333333,37.29760849919673,153.00875901169337
588,0.422,42.80719723449963,167.02062093984333
589,0.4226666666666666,49.052407731592844,182.56408174808098
590,0.4233333333333333,50.39505179006297,199.564678979215
591,0.424,55.90938587550414,218.27288727054375
592,0.4246666666666666,61.054358506988315,239.42776337446395
593,0.4253333333333333,66.56205769506099,262.1980926384081
594,0.426,73.3750640379606,287.84648968930804
595,0.4266666666666666,80.26048463637672,315.4341589540532
596,0.4273333333333333,88.69677565213517,346.414769371686
597,0.428,95.08240247482861,379.8518041284113
598,0.4286666666666666,104.9013789342896,417.27133905802145
599,0.4293333333333333,115.61156673087267,205.2191428848904
600,0.43,126.35855407910438,-6.808170423177389
601,0.4306666666666666,141.1626244915806,-215.75222362672702
602,0.4313333333333333,153.35980589144629,-175.00465326586558
603,0.432,170.31079520683843,-386.15516802450554
604,0.4326666666666666,183.43535542812026,-602.30601141714
605,0.4333333333333333,203.60970372590754,-570.6301920048197
606,0.434,219.04522209102953,-544.0832007657972
607,0.4346666666666666,245.18391366369747,-522.5837985913024
608,0.4353333333333333,-1135.2605592828952,-505.0777170326659
609,0.436,-1128.8771106465613,-492.20443904509443
610,0.4366666666666666,-1110.4052437852126,-483.35253405023616
611,0.4373333333333333,282.2847767691785,-478.7786235508717
612,0.438,-1112.0040568187885,-478.4596831731061
613,0.4386666666666666,-1134.2759611529082,-481.8672220228821
614,0.4393333333333333,249.35183855085066,-489.8564928111334
615,0.44,227.7437692976133,-501.66658934824443
616,0.4406666666666666,208.13789884377223,-518.3618139108363
617,0.4413333333333333,192.33841113392035,-538.7854967119318
618,0.442,176.4195899763536,-564.6844575134783
619,0.4426666666666666,164.78881670230714,-343.0171792987723
620,0.4433333333333333,151.76916796446287,-122.87258058418955
621,0.444,142.93451547916712,93.57882477568003
622,0.4446666666666666,134.42903450380214,59.36201821332929
623,0.4453333333333333,125.92595749433075,275.5509796307925
624,0.446,117.82370799972674,495.8118758137614
625,0.4466666666666666,110.85845615595132,467.29185005597446
626,0.4473333333333333,105.58031764049939,200.68810371051754
627,0.448,101.30079809955086,178.14261426886392
628,0.4486666666666666,96.22431968769318,150.568154873261
629,0.4493333333333333,94.1484377677874,131.32060707651357
630,0.45,92.10256376961829,112.9580111586733
631,0.4506666666666666,92.19140697834099,96.03056567385273
632,0.4513333333333333,89.04572883378484,78.99311171905913
633,0.4519999999999999,89.39568430802989,62.61119226781003
634,0.4526666666666666,90.90725100759005,47.01416236157516
635,0.4533333333333333,-1253.388154843814,29.0059122864077
636,0.4539999999999999,82.88517972347444,14.874505978322917
637,0.4546666666666666,39.14697004723713,1.341929829754712
638,0.4559999999999999,69.48876888331242,-12.077167144172119
639,0.4566666666666666,62.77439493652788,-25.126584540135976
640,0.4573333333333333,57.727804159904366,-38.23517295102719
641,0.4579999999999999,48.28199350809159,-51.28957366512913
642,0.4586666666666666,43.41837088575139,-64.62313583629405
643,0.4593333333333333,39.275791348581706,-77.81675711179456
644,0.4599999999999999,17.777874248796174,-91.0945497537824
645,0.4613333333333333,32.35064333325816,-104.94527111047934
646,0.4619999999999999,30.399339037342703,122.81961869010797
647,0.4626666666666666,26.750259355512796,111.40386719319805
648,0.4633333333333333,23.727556376782946,107.6922570057529
649,0.4639999999999999,21.322946596169512,98.30799909137212
650,0.4646666666666667,19.578115357940863,89.79513264431084
651,0.4653333333333333,18.116061582980194,81.77810060428146
652,0.4659999999999999,15.747832858782157,75.27231852219715
653,0.4666666666666667,15.630169630319564,69.48250389363751
654,0.4673333333333333,13.958799025940568,63.982472155022975
655,0.4679999999999999,11.972344048337666,62.5647238704681
656,0.4686666666666667,19.464338073974893,58.28645184906126
657,0.4693333333333333,18.526913450319544,54.273999447128794
658,0.47,17.354002692308143,50.61726726649622
659,0.4706666666666667,15.480692452854075,47.384219727681064
660,0.4713333333333333,13.18873727085232,44.502249235391766
661,0.472,12.138759718734335,41.862174161891815
662,0.4726666666666666,11.25273406042004,39.430086092787015
663,0.4733333333333333,8.720059467389838,37.529605887794126
664,0.474,9.901494890158023,35.56203405289305
665,0.4746666666666666,8.582465436553418,33.84849960816523
666,0.4753333333333333,8.107936804384654,32.61200626712583
667,0.476,6.43508057422068,29.55368971426503
668,0.4766666666666666,5.766181161143159,26.85572996222853
669,0.4773333333333333,5.311999416784569,24.193560346496614
670,0.478,4.911031616274472,21.744253141863922
671,0.4786666666666666,4.604461199064648,19.78591060012103
672,0.4793333333333333,5.1896094977105225,18.122094287842973
673,0.48,4.699214991980245,16.54217311484165
674,0.4806666666666666,4.439163221897114,15.530580258022088
675,0.4813333333333333,5.102936598118804,14.13590811741497
676,0.482,2.473690558081521,12.89701145161636
677,0.4826666666666666,3.5382481612279015,12.101194917477304
678,0.4833333333333333,2.5641714937975078,11.586531566336921
679,0.484,1.873430204894678,11.076346623921294
680,0.4846666666666666,2.309056483391818,10.90236024183745
681,0.4853333333333333,2.895335761634001,10.716917681477248
682,0.486,2.4753942104126883,10.3967392734756
683,0.4866666666666666,3.100099151725605,10.261632236525424
684,0.4873333333333333,2.1533163312296053,10.068178642194157
685,0.488,1.699706182116685,9.40226388825383
686,0.4886666666666666,3.686733836945469,9.05919540816635
687,0.4893333333333333,3.5758397345518813,9.268310505630522
688,0.49,2.9318203699452328,9.561590675471503
689,0.4906666666666666,4.345408405207645,10.003488605745877
690,0.4913333333333333,3.8807951698289105,10.807052597748015
691,0.492,2.825692265722163,11.72538106037137
692,0.4926666666666666,4.43901484798731,12.611302467680622
693,0.4933333333333333,3.6244728012509895,14.370355286432291
694,0.494,0.7396368111175066,15.931335024850569
695,0.4946666666666666,3.1970005976328237,17.801799593617364
696,0.4953333333333333,3.6354410995491393,20.082475781046856
697,0.496,5.167582438122237,22.57701071785255
698,0.4966666666666666,5.0191599953218144,25.242242441999743
699,0.4973333333333333,6.33767460490656,28.373575297581638
700,0.498,7.4108812757437805,31.239153451228194
701,0.4986666666666666,7.817121357796514,35.15169962549189
702,0.4993333333333333,12.247909870144184,39.9938631296491
703,0.5,11.772208809604933,45.15267864023109
704,0.5006666666666667,12.544786157711798,50.86793857323481
705,0.5013333333333333,14.370129445613841,57.794940227726194
706,0.502,17.54526126364377,64.69820497338823
707,0.5026666666666666,18.38268264648076,72.18144561900355
708,0.5033333333333333,20.328114012066862,80.18333429631406
709,0.504,20.265287036577398,89.31052092351011
710,0.5046666666666666,25.617162804627224,99.05199399977658
711,0.5053333333333333,29.726600622151118,109.56310154270732
712,0.506,33.09910101788725,121.33830612930382
713,0.5066666666666666,35.3759168734939,133.57814218663802
714,0.5073333333333333,39.22297933606961,147.41986767645946
715,0.508,41.54847140686635,162.36415754293125
716,0.5086666666666666,45.20900024185651,178.81963835075484
717,0.5093333333333333,49.62251953429173,196.24990042979664
718,0.51,55.72575236863323,216.7534631530431
719,0.5106666666666666,60.4569694730536,236.90024794934445
720,0.5113333333333333,65.80592318091445,260.5773308192913
721,0.512,73.23492461666599,285.5196952744479
722,0.5126666666666666,80.24699907755642,312.90105319678634
723,0.5133333333333333,88.67068375305736,343.14261886469154
724,0.514,95.56861874922171,376.60289165347274
725,0.5146666666666666,105.78946726685604,413.2638004468402
726,0.5153333333333333,114.38005059165384,453.47637662541695
727,0.516,132.29136444229442,497.02427444551813
728,0.5166666666666666,132.25469621374117,545.6082979372252
729,0.5173333333333333,151.8046363140597,383.45508582445245
730,0.518,164.1858542221639,343.07820175823804
731,0.5186666666666666,181.8452557462535,187.67055109824025
732,0.5193333333333333,201.10779917291597,32.472829245297305
733,0.52,221.266321255612,-52.26900538987803
734,0.5206666666666666,242.89469485477773,-210.49293459599312
735,0.5213333333333333,264.9516723989595,-159.10750616517913
736,0.522,287.1417659090852,-322.6594666380004
737,0.5226666666666666,319.53376115488646,-278.6625542716994
738,0.5233333333333333,-845.1254260356598,-240.00527449272408
739,0.524,-163.85905311702646,-202.90982242802752
740,0.5273333333333333,-797.5699138190733,-382.3640562866438
741,0.528,-788.974641233017,-567.4374948264227
742,0.5286666666666666,-390.5409711178621,-546.1750558771726
743,0.53,-790.3511451698043,-531.6674687856428
744,0.5306666666666666,381.0432211426328,-734.663814172843
745,0.5313333333333333,-802.8325353599288,-734.7936709456061
746,0.532,358.80734151554816,-742.5832419045237
747,0.5326666666666666,347.0540298810467,-757.944346998697
748,0.5333333333333333,338.3405410176104,-782.1574359902338
749,0.534,-845.1633295671412,-599.5742067639239
750,0.5346666666666666,-863.9999154432741,-542.4626091553221
751,0.5353333333333333,299.9699165754212,-373.44609861175985
752,0.536,281.70550523696994,-208.07852534168524
753,0.5366666666666666,-906.4911531177228,-116.37628204426886
754,0.5373333333333333,242.17326833942687,45.48545528253786
755,0.538,221.67627818275082,-5.04866965288086
756,0.5386666666666666,201.80229316367766,155.86056752436943
757,0.5393333333333333,185.0166000907938,106.69363716928653
758,0.54,169.22584744383926,58.35920813931775
759,0.5406666666666666,153.4276002640948,10.477527095737502
760,0.5413333333333333,141.41070031182818,174.78004686125513
761,0.542,129.7340991562861,341.5540415105323
762,0.5426666666666666,118.91593609000662,298.1870820144097
763,0.5433333333333333,108.88072886801065,257.42400016991087
764,0.5439999999999999,100.29808261252875,429.9308358021494
765,0.5446666666666666,91.10767118035034,395.3382339505765
766,0.5453333333333333,85.65772843175431,363.94654492939463
767,0.5459999999999999,78.52942415899781,335.9192575062531
768,0.5466666666666666,72.33120188660888,310.5101536342368
769,0.5473333333333333,67.62844690795647,287.9751174871674
770,0.5479999999999999,62.52227705271047,268.1075109614386
771,0.5486666666666666,59.04236381918469,250.4894281925536
772,0.5493333333333333,55.243939434198616,234.8920599884706
773,0.5499999999999999,51.88015595026896,221.4966762838261
774,0.5506666666666666,49.99214694180012,210.24698763724754
775,0.5513333333333333,47.27800584285131,200.42437974129834
776,0.5519999999999999,46.095140812891295,192.7241186743169
777,0.5526666666666666,43.85491191292586,186.31642405891608
778,0.5533333333333333,44.031202182342284,181.57958554707344
779,0.5539999999999999,43.05200845449057,178.73224111201924
780,0.5546666666666666,43.53246270691157,-24.266695457656784
781,0.5553333333333333,43.082053578047024,-25.653377238445607
782,0.5559999999999999,44.497137730870584,-27.260527933242017
783,0.5566666666666666,46.38245860924091,-29.163892192702242
784,0.5573333333333333,45.728038746144215,-31.05049759774488
785,0.5579999999999999,48.328443030453606,-33.128532016568855
786,0.5586666666666666,50.05942501286066,-35.79260429077363
787,0.5593333333333333,52.21365464876085,-38.71089466963319
788,0.5599999999999999,56.51262169186334,-41.617677010279955
789,0.5606666666666666,-1060.1434229235767,-44.709191235146186
790,0.5613333333333334,54.818489381661465,-48.413494275017236
791,0.5619999999999999,50.11374884809354,-52.50441613226075
792,0.5626666666666666,44.66969354830837,-56.1780419000768
793,0.5633333333333334,41.39901481114325,-60.37549464849514
794,0.564,38.447511281666756,-65.13809621030465
795,0.5646666666666667,32.477604319491526,-69.91191638764202
796,0.5653333333333334,29.88241648589371,-75.26477543711239
797,0.566,27.706121131554966,-81.0572549337242
798,0.5666666666666667,26.85612315530771,-87.55456653798569
799,0.5673333333333334,22.472547121873596,-94.82132566794863
800,0.568,20.805119055558727,98.7028815903893
801,0.5686666666666667,22.673021534624525,91.73855288325421
802,0.5693333333333334,21.17795579521295,85.2936175806959
803,0.57,19.923561043632645,80.08294436177229
804,0.5706666666666667,19.206815538714213,75.60901269638187
805,0.5713333333333334,18.590337200062983,71.71606295848082
806,0.572,17.878983365017294,68.76076594918673
807,0.5726666666666667,16.11747906953034,66.43213245900817
808,0.5733333333333334,16.141737636513756,64.49939217930914
809,0.574,14.991061844967003,62.89107551103492
810,0.5746666666666667,16.127774342022157,62.486913367037076
811,0.5753333333333334,14.308552722769528,62.37539319672514
812,0.576,15.721508998732753,62.03408435983648
813,0.5766666666666667,16.543838892307633,62.51898684158583
814,0.5773333333333334,16.82001273777197,63.50938959955654
815,0.578,16.05928760119107,65.00952625120962
816,0.5786666666666667,16.945563762679473,66.92451646980628
817,0.5793333333333334,16.968675133227052,69.24763909003053
818,0.58,17.921030553784288,72.15197195975179
819,0.5806666666666667,20.22720187744109,75.51604849610547
820,0.5813333333333334,20.185562553825797,80.03317732184088
821,0.582,20.776861329687502,84.90490117760376
822,0.5826666666666667,23.871858471598205,90.93445469327635
823,0.5833333333333333,25.42579858791435,97.30615535350667
824,0.584,27.540908047898093,104.71894967138513
825,0.5846666666666667,29.229171747822107,112.29495586454208
826,0.5853333333333333,30.78522014404093,121.11778057589595
827,0.586,32.25266167909284,131.15874885983885
828,0.5866666666666667,34.831051727367566,143.16090511093918
829,0.5873333333333333,40.086221987941556,155.89610346557998
830,0.588,43.19290687403813,169.47024940812483
831,0.5886666666666667,47.8060722542839,184.26019995957247
832,0.5893333333333333,51.11984600001235,200.99956522332465
833,0.59,57.72602954718796,219.1242789566848
834,0.5906666666666667,58.908936033088246,239.45623254018014
835,0.5913333333333333,65.0749804420459,261.65385886963344
836,0.592,72.72872089569543,286.78002724643557
837,0.5926666666666667,83.64732097267353,314.23408733113877
838,0.5933333333333333,88.6721325240109,345.23906937770147
839,0.594,95.63912378046807,380.610203424309
840,0.5946666666666667,102.3519545063128,417.6258637079326
841,0.5953333333333333,113.7733350171994,459.8058591534819
842,0.596,124.56471254582138,316.77908098931186
843,0.5966666666666667,138.3810962739998,289.61936028716707
844,0.5973333333333333,150.86105432263844,262.9170207159983
845,0.598,168.81899606338948,222.56796427417322
846,0.5986666666666667,183.30777617016977,201.86936986839
847,0.5993333333333333,204.50256193777452,180.1524597928954
848,0.6,231.33735198629873,141.58311735142948
849,0.6006666666666667,245.72877911918343,104.48077577167362
850,0.6013333333333333,277.52621490486763,68.05880435648972
851,0.602,-746.7871397688829,32.15482740549312
852,0.6026666666666667,-99.76749123412561,-3.5877228076424177
853,0.604,-90.6203014037497,-40.04059227820459
854,0.6053333333333333,-165.25248864371756,-77.85271535589189
855,0.606,-49.9172107011941,-117.06671097721194
856,0.608,-47.92077952371916,-157.84543193251744
857,0.61,-130.62680370213704,-200.4207688741343
858,0.6106666666666667,-117.45198736352175,-246.15179721102902
859,0.6113333333333333,-106.70516185944243,-295.8962028404785
860,0.612,-97.11458411033487,-347.3411761208592
861,0.6126666666666667,-84.79638838910915,-403.8634202558095
862,0.6133333333333333,-77.95122895730177,-275.4356541783614
863,0.614,-71.68625415759622,-262.90637693371707
864,0.6146666666666667,-66.99447690691746,-251.6059639705033
865,0.6153333333333333,-57.72945368830769,-226.3244928672878
866,0.616,-53.221873505479515,-221.34658164354707
867,0.6166666666666667,-49.558706600529455,-216.2633058590307
868,0.6173333333333333,-45.020457066198105,-196.21238054193924
869,0.618,-40.07662799404273,-178.01155155498944
870,0.6186666666666667,-36.486252511522984,-161.50984670501714
871,0.6193333333333333,-33.29955044972677,-146.77185316176084
872,0.62,-30.160395430546263,-134.06694624929577
873,0.6206666666666667,-27.840229385895128,-122.10211500108066
874,0.6213333333333333,-24.799871403631897,-111.26466780352457
875,0.622,-22.262148347078966,-100.9465297991574
876,0.6226666666666666,-19.68035849862812,-92.32671083548797
877,0.6233333333333333,-19.23277416273998,-84.33964128493231
878,0.624,-16.336270769356187,-76.79537159326279
879,0.6246666666666666,-15.029023804040836,-70.0271402017993
880,0.6253333333333333,-15.236842203355431,-64.00542614670027
881,0.626,-14.213572208747705,-58.59705308516643
882,0.6266666666666666,-11.479944244995465,-53.91987978296124
883,0.6273333333333333,-11.478214171173594,-49.55907921293232
884,0.628,-9.671487993766586,-45.91639060611818
885,0.6286666666666666,-9.841570556810773,-42.69736638321068
886,0.6293333333333333,-8.84926489128142,-39.683263344555584
887,0.63,-7.646097202365471,-37.28217207901136
888,0.6306666666666666,-7.419171558067551,-34.8636184412125
889,0.6313333333333333,-6.622661021270363,-33.030500589324205
890,0.632,-6.43973550300163,-31.43260350215829
891,0.6326666666666666,-7.315254326364599,-30.16091577660799
892,0.6333333333333333,-5.9337255970522405,-29.327803903025867
893,0.634,-7.603070459149935,-28.75810050192517
894,0.6346666666666666,-6.916403498590211,-25.221133763532865
895,0.6353333333333333,-5.517131465661818,-23.699166002217474
896,0.636,-6.34096257893797,-23.298495945817304
897,0.6366666666666666,-5.7963650638573885,-22.898663926018866
898,0.6373333333333333,-6.152282703310121,-21.652395870262968
899,0.638,-6.1518177642302225,-20.2100708620687
900,0.6386666666666666,-8.17191039474265,-18.77950238303934
901,0.6393333333333333,-9.585172911069245,-17.428672869780826
902,0.64,-8.31492534999157,-15.978242019467233
903,0.6406666666666666,8.171601042116967,-14.973721783467752
904,0.6413333333333333,-1.2161115420144122,-13.396394644086909
905,0.642,-7.615625799032049,-11.67643367281768
906,0.6426666666666666,-6.62797589240119,-10.275187099598911
907,0.6433333333333333,-0.7223857814993929,-9.036492588401323
908,0.644,0.5937451541228421,-7.67391551505273
909,0.6446666666666666,1.3249416400038394,-6.507936575577896
910,0.6453333333333333,1.0648729039901228,-5.1372350081845966
911,0.646,0.7426948420442405,-3.4551793009518743
912,0.6466666666666666,-0.35305761927735635,-1.4713284171019176
913,0.6473333333333333,1.1598580929658748,0.2895926360554882
914,0.648,2.638935230683279,-0.8973840440180948
915,0.6486666666666666,2.2675717188869013,-0.3426615774911667
916,0.6493333333333333,0.5406735943819491,1.517024714361253
917,0.65,1.7735075658570225,2.9781849461109178
918,0.6506666666666666,0.32537807155007503,3.4006451659414254
919,0.6513333333333333,1.4631909435103292,3.7405426770554078
920,0.652,1.1728435343280303,3.7668898523044603
921,0.6526666666666666,1.4362208880971763,4.011336335253704
922,0.6533333333333333,1.4679693897717982,4.1560576805107825
923,0.654,1.5772861528192825,4.603377406959118
924,0.6546666666666666,1.865679938690744,4.766505215360649
925,0.6553333333333333,2.7159647112591703,4.482645631296057
926,0.656,1.4895809506525028,4.212124448519822
927,0.6566666666666666,1.624615439781206,4.250104474159205
928,0.6573333333333333,2.4820646603116296,4.242057861385567
929,0.658,1.4713148358319075,4.339502726139286
930,0.6586666666666666,2.4229089203748075,4.290410327891587
931,0.6593333333333333,1.5467023156946786,3.93285541275603
932,0.66,2.1320519721022895,4.043767946207103
933,0.6606666666666666,2.066123695196606,4.265384190636897
934,0.6613333333333333,1.0619375414355368,4.218069577157406
935,0.662,0.7646762590189311,4.329711621177237
936,0.6626666666666666,0.7516737368229712,4.136025062341427
937,0.6633333333333333,1.7288041615590335,4.1502297097857275
938,0.6639999999999999,0.8667384312929582,4.380608665688613
939,0.6646666666666666,1.1904553976897723,5.443613732706375
940,0.6653333333333333,-0.8135726608695029,5.776445324966434
941,0.6659999999999999,2.0524016294920187,5.82920180823221
942,0.6666666666666666,2.6991707477151063,6.7896434226035565
943,0.6673333333333333,1.3144271890443278,6.9588138330883895
944,0.6679999999999999,2.485913516578701,7.364014414475954
945,0.6686666666666666,1.6399282732824487,7.675846893721294
946,0.6693333333333333,1.5684956586763936,7.695877446621442
947,0.6699999999999999,2.9044985281305613,7.777812250722045
948,0.6706666666666666,8.387648365965864,8.135468064297827
949,0.6713333333333333,3.320379237276674,8.277859646037022
950,0.6719999999999999,2.7160004940735694,8.32331504090283
951,0.6726666666666666,6.882489062202152,9.630696573169201
952,0.6733333333333333,3.071887585906921,9.711372486508186
953,0.6739999999999999,4.3172380362386304,9.618166954551116
954,0.6746666666666666,2.7943402039096545,10.589261492116131
955,0.6753333333333333,0.875957108464192,11.186648130003626
956,0.6759999999999999,1.2068670929374232,12.526579550615315
957,0.6766666666666666,3.7157809036467273,14.172205123748743
958,0.6773333333333333,1.6578027742884827,15.667670382852178
959,0.6779999999999999,1.4429853691664847,16.303049021061483
960,0.6786666666666666,6.449658073943665,18.329814265432187
961,0.6793333333333333,2.500601148041929,20.38076264588271
962,0.6799999999999999,2.181362236842498,21.91437359926442
963,0.6806666666666666,6.709396842183298,24.213171817657948
964,0.6813333333333333,5.804728171509233,26.531669042341413
965,0.6819999999999999,9.08399172112516,29.512825202028402
966,0.6826666666666666,10.71085995386211,32.06844736426012
967,0.6833333333333333,11.212638856482979,34.419741390734394
968,0.6839999999999999,11.9175296893509,35.48931828896822
969,0.6846666666666666,14.580186150447243,38.41233094913541
970,0.6853333333333333,14.110158163243153,41.59573443326765
971,0.6859999999999999,15.40254991432275,44.54800350506974
972,0.6866666666666666,15.842988799204297,48.69570266932448
973,0.6873333333333334,17.197778173368988,53.09227076013075
974,0.688,19.356318868837366,57.45704391138584
975,0.6886666666666666,15.07385800975154,62.445814962005905
976,0.6893333333333334,14.26961168446116,-81.4923268922921
977,0.69,9.657874782723546,-77.16299802969046
978,0.6906666666666667,17.89676199743952,-73.53660687613225
979,0.6913333333333334,19.128560281012255,-70.39528492682851
980,0.692,22.85115291728858,-68.19296322087683
981,0.6926666666666667,25.543374282790523,-66.2844375030661
982,0.6933333333333334,26.606740519099546,-64.48314721116658
983,0.694,30.95813657137825,-62.45751310782184
984,0.6946666666666667,33.52012289717623,-62.07618151323742
985,0.6953333333333334,-790.5723519138636,-61.471826422369666
986,0.696,34.76268696831564,-59.956167763432354
987,0.6966666666666667,31.35925637625074,-59.475259769962555
988,0.6973333333333334,29.36931829659391,-56.49831921856698
989,0.698,26.815306739067776,-56.83118658037851
990,0.6986666666666667,24.71307881774717,-57.5070918026084
991,0.6993333333333334,25.409718202653348,-59.04844795326479
992,0.7,27.096511595564035,-61.126652639644696
993,0.7006666666666667,19.316287032171264,-63.36981443612191
994,0.7013333333333334,22.713847151436067,-66.34190621849899
995,0.702,23.494183892736554,-69.75474938679845
996,0.7026666666666667,16.941322759293364,75.29028936399686
997,0.7033333333333333,26.19643340158788,71.53912124584926
998,0.704,16.04749887626435,69.04009922457824
999,0.7046666666666667,15.373531268623939,66.91510164732296
1000,0.7053333333333333,14.288063191419743,65.3839619315308
1001,0.706,13.997792691791037,64.40405521993641
1002,0.7066666666666667,14.144730538670613,63.363235264592376
1003,0.7073333333333333,14.446515558172269,62.85997960233172
1004,0.708,14.559883073290283,63.31246553763207
1005,0.7086666666666667,15.233418923888074,63.7095050352016
1006,0.7093333333333333,13.92286408971783,64.06150611473346
1007,0.71,17.475800702522832,66.13729698876276
1008,0.7106666666666667,17.563776200731176,66.28895935476581
1009,0.7113333333333333,18.30897498466707,-72.07568636687375
1010,0.712,19.269152642222643,-70.11402304215616
1011,0.7126666666666667,19.627385117408785,-68.30615529360955
1012,0.7133333333333333,24.300646805227036,-67.11928950756835
1013,0.714,21.83009778383992,-66.41411319459439
1014,0.7146666666666667,24.919622137933413,-66.36742560048097
1015,0.7153333333333333,25.449745445691377,-66.45981225524764
1016,0.716,28.473494281678313,-62.058712004730324
1017,0.7166666666666667,27.03900210160485,-61.01855211509909
1018,0.7173333333333333,-752.6449773550663,-60.8480149664343
1019,0.718,26.271660850388265,-60.56334338745327
1020,0.7186666666666667,24.331772905567554,-60.81937735802218
1021,0.7193333333333333,20.591491503131003,-61.30752505132751
1022,0.72,18.06237672185921,-62.212661268593884
1023,0.7206666666666667,14.705891081024584,-64.08224516322875
1024,0.7213333333333333,14.046623880142084,-65.19723728977267
1025,0.722,39.68397587120648,-67.37454928065459
1026,0.7226666666666667,19.701530143224826,-69.88027259034219
1027,0.7233333333333333,18.423229306216122,-73.0077967783676
1028,0.724,19.145284972847996,-76.18773456319869
1029,0.7246666666666667,16.886564037062012,61.00885711462902
1030,0.7253333333333333,16.557221012748467,57.783077653568455
1031,0.726,14.598850577040098,54.914805615357686
1032,0.7266666666666667,13.91406961281108,52.42104166850026
1033,0.7273333333333333,15.635697080818161,50.64438251161872
1034,0.728,12.823444410811728,49.100814307863914
1035,0.7286666666666667,11.529060391871392,47.844513565314564
1036,0.7293333333333333,11.098359903759322,41.93135314554918
1037,0.73,9.372681074765561,39.53118872637724
1038,0.7306666666666667,9.55830974397639,37.32407938288588
1039,0.7313333333333333,8.35066384449617,35.001784637812364
1040,0.732,8.396928248841125,33.26820260219601
1041,0.7326666666666667,6.737247353923066,31.160747766098645
1042,0.7333333333333333,8.192048072517398,29.268390625838407
1043,0.734,6.13051217127559,27.694297383925164
1044,0.7346666666666667,7.067175310423496,25.91038078891461
1045,0.7353333333333333,6.833084650287636,24.530023413130547
1046,0.736,6.367283370047391,23.43144741274946
1047,0.7366666666666667,6.1615107312640705,22.16625818139913
1048,0.7373333333333333,6.243647500217402,21.30929785882532
1049,0.738,7.255552728082315,20.574138512268874
1050,0.7386666666666667,4.849138589985306,19.868695652392493
1051,0.7393333333333333,4.085755353372111,19.32667298898341
1052,0.74,5.1691071577375025,19.000510824064406
1053,0.7406666666666667,5.725049330759519,18.675167423951034
1054,0.7413333333333333,5.1547923231225,18.418285502107064
1055,0.742,5.425860389754247,18.438361967653133
1056,0.7426666666666667,4.069530840701931,19.146143897103105
1057,0.7433333333333333,4.611790393799973,19.546850446254762
1058,0.744,5.474091151996102,19.99701149943496
1059,0.7446666666666666,4.431536845182951,20.40024369469034
1060,0.7453333333333333,5.385691229901778,20.857969740937197
1061,0.746,4.925235326595252,22.199218390823134
1062,0.7466666666666666,6.384584738554231,23.472512237989015
1063,0.7473333333333333,4.703390383253526,24.60662307423363
1064,0.748,7.1787112301238825,25.946077234790778
1065,0.7486666666666666,10.765206480565244,27.533396191657136
1066,0.7493333333333333,8.593430865334375,29.37649451829494
1067,0.75,8.662405471154083,31.448171911961268
1068,0.7506666666666666,8.48382636274727,33.8986697157805
1069,0.7513333333333333,9.798475207231528,36.44493836575503
1070,0.752,12.300519978240507,39.11163190623068
1071,0.7526666666666666,11.159610059849246,42.78646678903139
1072,0.7533333333333333,11.469722914652014,46.956438441494136
1073,0.754,13.166461333854775,51.10498227165113
1074,0.7546666666666666,13.97323097238007,56.20094198560539
1075,0.7553333333333333,15.665295537742018,61.29878421594309
1076,0.756,15.578849694403758,66.31070814436228
1077,0.7566666666666666,18.225667081684602,73.19473934242954
1078,0.7573333333333333,19.620028096299066,80.64842659841753
1079,0.758,19.246500958936522,89.06719500019568
1080,0.7586666666666666,25.80144057879462,-25.875126555719536
1081,0.7593333333333333,28.09174450694382,-17.87001944067126
1082,0.76,29.43205046164867,-8.742762879304006
1083,0.7606666666666666,33.014277682999385,-123.12659623307536
1084,0.7613333333333333,35.500056954222174,-117.36429568714445
1085,0.762,38.6092283051164,-111.55192970645494
1086,0.7626666666666666,46.83804863237472,-106.84182552553462
1087,0.7633333333333333,50.07177911553177,-103.33488847173828
1088,0.764,55.25476192818144,-100.35563806910565
1089,0.7646666666666666,-628.7699778811863,-98.17610965286451
1090,0.7653333333333333,56.77333728406425,-96.5213953825694
1091,0.766,61.86659095633398,-96.4634997868111
1092,0.7666666666666666,-623.9960179396332,-97.32119241776043
1093,0.7673333333333333,45.179242144582204,-98.79055498924119
1094,0.768,46.26415308732165,-100.95253286100706
1095,0.7686666666666666,41.83254098729947,-103.45873988901474
1096,0.7693333333333333,35.06183332660546,-107.0645932872002
1097,0.77,34.77705820742139,-112.32981111989677
1098,0.7706666666666666,31.72851929763867,-118.23821392232028
1099,0.7713333333333333,28.439358016131553,-125.31209013673453
1100,0.772,26.123082777451884,-9.004371430287007
1101,0.7726666666666666,23.326785446114116,-16.224832188616332
1102,0.7733333333333333,21.26892506453341,-24.5045576953792
1103,0.774,21.003289506522314,90.67686692171503
1104,0.7746666666666666,21.57668457640187,85.50974304680038
1105,0.7753333333333333,18.576709426308316,79.95289452047497
1106,0.776,17.586838450727075,75.49128261530068
1107,0.7766666666666666,17.2473191020679,72.31407318480977
1108,0.7773333333333333,15.955449625879902,69.29249892067809
1109,0.778,17.384014932411027,67.05340826738357
1110,0.7786666666666666,16.659666404456893,65.56355928944753
1111,0.7793333333333333,15.868115918762484,64.77404942885657
1112,0.78,15.900785488668026,64.3506822853789
1113,0.7806666666666666,16.472998395056358,64.71830842695194
1114,0.7813333333333333,15.392772385513904,65.54054209318359
1115,0.782,17.045808180775644,66.52176449463191
1116,0.7826666666666666,17.410669823878113,69.22090847689181
1117,0.7833333333333333,17.990534517800953,71.35411914113256
1118,0.7839999999999999,19.289126779335817,74.10536117570217
1119,0.7846666666666666,20.16241924982018,77.81789111133526
1120,0.7853333333333333,21.736916885279907,82.29239560884123
1121,0.7859999999999999,20.974745760127057,87.41938497314909
1122,0.7866666666666666,23.311292517716954,92.95711215078715
1123,0.7873333333333333,25.571254318920406,99.3126031887416
1124,0.7879999999999999,27.027920140003634,106.96138529302166
1125,0.7886666666666666,33.57195377219665,115.08184501293096
1126,0.7893333333333333,29.43800880762012,123.81145133969127
1127,0.7899999999999999,32.53199707189913,133.94323640842674
1128,0.7906666666666666,36.58061593495256,37.455814262247195
1129,0.7913333333333333,42.242373251888694,-57.24957914493596
1130,0.7919999999999999,45.14294065061168,-46.23283802846468
1131,0.7926666666666666,46.6332669056406,-36.712292193245375
1132,0.7933333333333333,51.209069032859354,-131.71007058065643
1133,0.7939999999999999,58.96623230772339,-123.60315895980223
1134,0.7946666666666666,60.50643749612109,-117.03162833638983
1135,0.7953333333333333,65.54362110722184,-111.44815456302169
1136,0.7959999999999999,73.69836465018632,-107.36311418820503
1137,0.7966666666666666,-518.0506996276409,-103.52104012977911
1138,0.7973333333333333,-506.85194770501494,-100.03975514903468
1139,0.7979999999999999,81.36653656354943,-97.52700353778967
1140,0.7986666666666666,74.6288381920539,-96.12044919947466
1141,0.7993333333333333,-506.7906897254898,-95.54164579631043
1142,0.7999999999999999,68.34969041135118,-198.4339548529894
1143,0.8006666666666666,62.07975778232277,-199.71731403028102
1144,0.8013333333333333,58.047218880937706,-203.22316675243948
1145,0.8019999999999999,56.26662252117795,-207.5646296016285
1146,0.8026666666666666,50.782864687764175,-211.68655758683218
1147,0.8033333333333333,51.872469187145974,-217.5265712471256
1148,0.8039999999999999,50.54034710853599,-117.55282763247605
1149,0.8046666666666666,50.05656402030528,-20.11535369317601
1150,0.8053333333333333,48.35851511263531,-29.13080173840428
1151,0.8059999999999999,-524.9906722981315,-37.832151657836285
1152,0.8066666666666666,44.079295825683744,58.01749381554068
1153,0.8073333333333333,39.4892727401762,50.4149721891936
1154,0.8079999999999999,36.38719944507112,43.391233805675945
1155,0.8086666666666666,42.644021189423476,36.80009914646975
1156,0.8093333333333333,41.253844315222906,30.12965421848781
1157,0.8099999999999999,37.35898712041203,24.273011070964202
1158,0.8106666666666666,34.46735195776309,17.43244271551552
1159,0.8113333333333334,31.280714090059075,10.918807779689008
1160,0.8119999999999999,26.28800530632055,4.414832053137072
1161,0.8126666666666666,25.70734068215995,-2.12444359066317
1162,0.8133333333333334,26.113459153867492,94.40800111465957
1163,0.814,23.058988985002415,88.27121360622195
1164,0.8146666666666667,21.42980410757,82.7783511195555
1165,0.8153333333333334,19.208595143500485,77.78996883982313
1166,0.816,18.24595831263306,71.49020557078669
1167,0.8166666666666667,13.86931165687539,65.52892117664837
1168,0.8173333333333334,14.35348635394432,60.206360694084744
1169,0.818,13.923365539461184,55.268816596641194
1170,0.8186666666666667,12.029205980411792,50.65649036922082
1171,0.8193333333333334,11.300687175883676,46.9570772139254
1172,0.82,9.986031889919227,43.63849093477482
1173,0.8206666666666667,8.973370036473645,40.13324261759122
1174,0.8213333333333334,8.673964557669144,36.890343011078315
1175,0.822,7.645336361443182,33.98212974281254
1176,0.8226666666666667,8.13559768112114,31.342764672578326
1177,0.8233333333333333,7.789206661725269,28.85818327369218
1178,0.824,7.036551416410046,27.276858595259217
1179,0.8246666666666667,5.656679493279254,25.69544999002675
1180,0.8253333333333333,5.735709999123771,24.174187867962843
1181,0.826,7.270750242434474,22.90467564830735
1182,0.8266666666666667,6.639857391736423,21.755359809370365
1183,0.8273333333333333,5.0428800599306784,20.92640416642655
1184,0.828,5.273063728315716,20.27555463935596
1185,0.8286666666666667,4.5454558644215535,19.877811135332234
1186,0.8293333333333333,4.442728318821101,19.710178882777882
1187,0.83,5.0841745544700405,19.54674052163172
1188,0.8306666666666667,5.5678829915417225,19.429095075375997
1189,0.8313333333333333,5.471909305772831,19.697523083742535
1190,0.832,4.976360315659036,20.221245535848926
1191,0.8326666666666667,4.915599181789326,20.986881449859663
1192,0.8333333333333333,5.3807227624536065,21.727402108271413
1193,0.834,5.35753933052591,22.90227449334784
1194,0.8346666666666667,6.464278424203986,24.283160397619774
1195,0.8353333333333333,6.714046069474576,26.09287961028313
1196,0.836,7.227606785864671,28.256065598710144
1197,0.8366666666666667,7.135620849193497,30.596530293419704
1198,0.8373333333333333,8.52781812955746,32.949550851778966
1199,0.838,8.566248671648086,-52.39221748332098
1200,0.8386666666666667,9.989242854738988,-50.5068489504666
1201,0.8393333333333333,11.384753900277527,-48.82606980419972
1202,0.84,13.166926197716567,-47.096628697279115
1203,0.8406666666666667,12.714468416996985,-45.72179815018372
1204,0.8413333333333333,15.327059354223262,-44.81815974229997
1205,0.842,16.563155800127152,-44.37100091562738
1206,0.8426666666666667,17.445309956096466,-43.73332910073507
1207,0.8433333333333333,18.156510989799287,-43.44214709502741
1208,0.844,-468.553052203458,-43.28933096693498
1209,0.8446666666666667,15.946178932741574,-43.28508954794009
1210,0.8453333333333333,14.314022239363945,-43.5008822034682
1211,0.846,14.523605331348204,-44.14332030021938
1212,0.8466666666666667,13.018670246316884,-45.17421224655454
1213,0.8473333333333333,10.377752707657924,-46.47721725855314
1214,0.848,8.948494127940561,-47.78910036469749
1215,0.8486666666666667,10.256667263320734,-49.76982636406504
1216,0.8493333333333333,8.845284595351716,-51.96407768014045
1217,0.85,7.984599338595828,-54.22196389211507
1218,0.8506666666666667,8.551381568418023,-56.600921677836304
1219,0.8513333333333333,7.367400585380779,28.45090914948596
1220,0.852,6.420142317232448,26.553287514275457
1221,0.8526666666666667,5.657576420637743,24.845467943219862
1222,0.8533333333333333,5.928009464391047,22.9878621244979
1223,0.854,5.42622893841721,21.4022358597569
1224,0.8546666666666667,4.323026024403675,20.237006689287345
1225,0.8553333333333333,4.372870710819275,19.475663778703886
1226,0.856,4.90149766734856,18.537474931276346
1227,0.8566666666666667,4.9400788469035435,17.61597815119938
1228,0.8573333333333333,3.9571190594434165,16.896706410921105
1229,0.858,5.403836514905469,15.960882249959573
1230,0.8586666666666667,4.826135733499518,15.143762603295679
1231,0.8593333333333333,4.203573005115097,14.534003050066303
1232,0.86,4.209635442200188,13.956477071638517
1233,0.8606666666666667,3.9042573161603977,13.701568785244168
1234,0.8613333333333333,4.7188112913658005,12.914017922262861
1235,0.862,5.044506999834393,13.191052315564871
1236,0.8626666666666667,3.7258580393685983,13.603195095991067
1237,0.8633333333333333,3.98864522593875,13.749265406793029
1238,0.864,3.3523584519650567,13.76027432238157
1239,0.8646666666666666,2.8278469928035777,13.900208466759127
1240,0.8653333333333333,3.032589243735925,13.686108663851318
1241,0.866,2.449098762705582,13.905996188576347
1242,0.8666666666666666,4.511852317755786,13.964755228144094
1243,0.8673333333333333,1.0509463662988388,14.244358382172338
1244,0.868,5.862105987192619,14.743429795697866
1245,0.8686666666666666,6.662552824298138,14.981825497709295
1246,0.8693333333333333,5.7129993940261175,15.603732455384204
1247,0.87,5.001239489062097,15.732543275470029
1248,0.8706666666666666,4.734530972652068,16.257460236243535
1249,0.8713333333333333,4.214393165417647,17.80439747826664
1250,0.872,6.047733093083027,18.27075569195459
1251,0.8726666666666666,4.530012113824805,19.072982243246866
1252,0.8733333333333333,5.7629862979126445,20.627820983532043
1253,0.874,6.6768762801911326,22.034671547728024
1254,0.8746666666666666,6.043231858095944,24.363043193743636
1255,0.8753333333333333,8.499545653583885,26.64900456882258
1256,0.876,4.44147370651209,30.69343192742929
1257,0.8766666666666666,6.90485056356932,31.956743661138507
1258,0.8773333333333333,11.94645424098232,37.09883924045869
1259,0.878,5.418725957736653,39.828850528668696
1260,0.8786666666666666,7.489403417581885,-31.785387330272012
1261,0.8793333333333333,11.087091764289873,-28.594202124339205
1262,0.88,12.32768878551124,-25.871350040247126
1263,0.8806666666666666,13.986344399718911,-26.416964703392537
1264,0.8813333333333333,18.561891404297864,-26.566413844486462
1265,0.882,29.13159370544652,-27.184712379052613
1266,0.8826666666666666,12.731397914632879,-28.023036474981524
1267,0.8833333333333333,33.56843715195202,-28.133004793155123
1268,0.884,19.901260351596505,-28.763083861986388
1269,0.8846666666666666,-393.64248382869744,-30.175232716984265
1270,0.8853333333333333,23.776539792709713,-30.645785293559182
1271,0.886,19.656968136558604,-31.70896827824217
1272,0.8866666666666666,2.7317937248825794,-31.875079840991646
1273,0.8873333333333333,5.8466032741139005,-32.643078331221446
1274,0.888,2.608239999395092,-34.049901921182666
1275,0.8886666666666666,3.8421895650899276,-36.187772148319944
1276,0.8893333333333333,3.83053860554763,-40.724636200183674
1277,0.89,3.4044112922844567,-41.99403370834148
1278,0.8906666666666666,4.101182824327457,-47.39420166062128
1279,0.8913333333333333,2.8045449767648916,-50.30839167921427
1280,0.892,1.5828312804541813,21.23296532696218
1281,0.8926666666666666,10.164249749015069,17.38870726035961
1282,0.8933333333333333,8.061030506456808,14.364011551897637
1283,0.894,6.170657788823211,14.4631336666169
1284,0.8946666666666666,6.684834586868594,13.766833993307912
1285,0.8953333333333333,3.9267934173146672,13.625167572129913
1286,0.896,5.679189535978431,13.325729969977802
1287,0.8966666666666666,3.567504083730938,12.927129711188343
1288,0.8973333333333333,3.7113158038576737,12.644673995141135
1289,0.898,3.809499538949424,12.279399421356516
1290,0.8986666666666666,2.4195505338065284,12.006739195806475
1291,0.8993333333333333,2.8531030895476346,11.894207803340878
1292,0.9,3.2824721399895846,10.129722286195905
1293,0.9006666666666666,1.978271755730651,8.760822153781904
1294,0.9013333333333332,1.821204326183972,7.558655875231908
1295,0.902,2.178647330911544,6.1540822023422415
1296,0.9026666666666666,1.616092723383961,5.512488837059313
1297,0.9033333333333332,1.8352128697999712,4.5021658068079065
1298,0.904,2.0718796366351175,3.842525904584378
1299,0.9046666666666666,1.2897659459313278,3.0689916499064247
1300,0.9053333333333332,0.9576568778675315,2.3899742464935247
1301,0.906,0.3615524315430089,1.8026061071731427
1302,0.9066666666666666,0.45602977082345897,0.9255785450950852
1303,0.9073333333333332,-0.5080437586767578,0.17233798479593512
1304,0.908,-1.1183524847406656,-0.39133145632075894
1305,0.9086666666666666,0.3623858324095144,-1.0180798262839863
1306,0.9093333333333332,0.06628381235949853,-1.6997858585802748
1307,0.91,-0.09716203973310732,-2.3764624272635877
1308,0.9106666666666666,-0.5860967221309487,-3.048917236905971
1309,0.9113333333333332,0.03718063109997425,-3.860173685335193
1310,0.912,-0.8436057957511455,-4.508559921358728
1311,0.9126666666666666,-2.019272255330461,-5.2435961608103785
1312,0.9133333333333332,-0.9021976394501392,-5.808334543028387
1313,0.914,-1.1532251393620943,-6.4329150971323665
1314,0.9146666666666666,-1.6607310625006237,-7.158638312147428
1315,0.9153333333333332,-1.6086084040678343,-7.7420491652087255
1316,0.916,-2.14322154707889,-8.359705158083813
1317,0.9166666666666666,-1.9006471837688261,-8.292088410723983
1318,0.9173333333333332,-2.4351006324161135,-9.242252061867635
1319,0.918,-2.312379809754973,-9.731385641053238
1320,0.9186666666666666,-3.125877785752751,-10.096264546525843
1321,0.9193333333333332,-2.7758830252237034,-10.46240892029486
1322,0.92,-3.0138621964208707,-10.42711183899507
1323,0.9206666666666666,-4.539839397649327,-10.59057934569173
1324,0.9213333333333332,-4.359523890636763,-10.691136491487065
1325,0.922,-3.069036350229861,-10.72686175159452
1326,0.9226666666666666,0.44193240880301143,-10.56407089803285
1327,0.9233333333333332,-5.375848990531189,-10.312136215170474
1328,0.924,-3.303505495384304,-10.013690559501953
1329,0.9246666666666666,-1.9899243993033762,-9.543672678146526
1330,0.9253333333333332,-2.877741205579026,-9.03829896770342
1331,0.926,-1.8231773592205094,-8.38658564984931
1332,0.9266666666666666,-1.810350454431583,-7.954797394970591
1333,0.9273333333333332,-1.7118759493361808,-7.278878276094771
1334,0.928,-1.8592047297642558,-6.339956090145991
1335,0.9286666666666666,-0.704214773169684,-5.7138864069581885
1336,0.9293333333333332,-0.7435844200656759,-4.969339276371771
1337,0.93,-0.2426157633881588,-4.785397031047551
1338,0.9306666666666666,0.17610981955848284,-3.5970037120186036
1339,0.9313333333333332,0.4952519149289478,-2.8715120447202085
1340,0.932,0.49475175788118897,-2.3766865065763745
1341,0.9326666666666666,-0.37705938700859076,-1.7238033603830343
1342,0.9333333333333332,0.7412440195559088,-1.229721818895846
1343,0.934,0.6763949687327765,-0.5609118583734636
1344,0.9346666666666666,-0.8813589840378568,0.10112115944929437
1345,0.9353333333333332,1.0673365974724605,0.6354656292183918
1346,0.936,1.4638337717153438,1.0020303825214878
1347,0.9366666666666666,1.2263361151851826,1.2776971921284992
1348,0.9373333333333334,0.7270037673845593,1.7216987502807242
1349,0.938,0.7591063681623699,1.8338413671073976
1350,0.9386666666666666,0.7493873843839726,2.473382804749185
1351,0.9393333333333334,0.9217200934860922,2.8917636903311856
1352,0.94,1.9052604373594308,3.545968778520623
1353,0.9406666666666668,1.9660852607902513,3.7948401449455074
1354,0.9413333333333334,1.1093756578418434,3.72592350864885
1355,0.942,1.3322560785141795,4.4899731040836945
1356,0.9426666666666668,0.7878978555288345,4.906765292685121
1357,0.9433333333333334,2.2240595596797563,5.109006258458954
1358,0.944,0.7991243574844453,5.419397862907675
1359,0.9446666666666668,4.048259901827767,5.988872081289299
1360,0.9453333333333332,2.8190900111145227,6.396905195265149
1361,0.946,3.2574133251549546,7.166928340153473
1362,0.9466666666666668,2.123862721916376,7.464675153677524
1363,0.9473333333333332,0.29352476708467423,7.808460227568997
1364,0.948,3.3633609906001736,8.32199207462403
1365,0.9486666666666668,3.3828487563692726,8.974630247787733
1366,0.9493333333333333,2.587394692681079,9.191649557634335
1367,0.95,2.9507339176780847,9.138015711571251
1368,0.9506666666666668,3.890749425060237,8.684986001272344
1369,0.9513333333333333,3.025957001361548,8.642572756598659
1370,0.952,5.027293744874654,8.034728565379083
1371,0.9526666666666668,2.5758690575085947,8.066019584556514
1372,0.9533333333333333,3.815177514534286,7.687479050344057
1373,0.954,4.819039966651542,7.914783284933092
1374,0.9546666666666668,4.735143286529079,8.477425518549735
1375,0.9553333333333331,2.5379189109953173,8.32793124217264
1376,0.956,0.48993204406724317,8.12502139201891
1377,0.9566666666666668,-0.29277216420305546,8.962918236005873
1378,0.9573333333333331,0.5634952204084172,8.715311172717545
1379,0.958,0.6713477283856769,8.322043319309621
1380,0.9586666666666668,2.9929290065446947,8.325421668178347
1381,0.9593333333333331,1.1544103573079758,7.775620477038641
1382,0.96,3.3866640251887876,7.734362519789309
1383,0.9606666666666668,3.419314953843805,7.522536397374097
1384,0.9613333333333332,2.532837232949646,7.13235091296008
1385,0.962,2.2555718110707748,6.404186032844005
1386,0.9626666666666668,7.242377159275313,7.678859489867018
1387,0.9633333333333332,1.5751391216318147,7.727517456590238
1388,0.964,1.7059280172384366,7.522602947867026
1389,0.9646666666666668,3.04472560618781,6.906256042187697
1390,0.9653333333333332,1.9728426829873955,6.891317753803124
1391,0.966,2.3466581839012055,7.442437741144531
1392,0.9666666666666668,2.638365723338646,6.90493426584855
1393,0.9673333333333332,2.651342831018122,6.2024183856397785
1394,0.968,0.6897828414397777,5.253826349942297
1395,0.9686666666666668,9.619438116678719,4.545635866433249
1396,0.9693333333333332,0.7602540814184681,3.5750217468600884
1397,0.97,-1.4311861015542384,2.0840496563571973
1398,0.9706666666666668,-2.8606542555878516,1.428550524455871
1399,0.9713333333333332,0.5883572373602757,0.7692128550873486
1400,0.972,6.054706713996948,0.10691410508862857
1401,0.9726666666666668,-1.831720061003024,-0.7515993821370278
1402,0.9733333333333332,-0.5162019759710577,-1.5713425591018582
1403,0.974,-1.8506408000310874,-2.4307736222358205
1404,0.9746666666666668,-1.4015543421006216,-3.6872842386810203
1405,0.9753333333333332,-3.1367288532245605,-4.49013491545912
1406,0.976,-1.0408011212963042,-6.538582484785871
1407,0.9766666666666668,-2.066522722264444,-7.013681086331629
1408,0.9773333333333332,-1.9570590348089107,-7.0626014743926175
1409,0.978,-0.6347118938050789,-6.752508789882907
1410,0.9786666666666668,-2.796676690488474,-6.848272415939695
1411,0.9793333333333332,-2.207470577014516,-8.31048009111491
1412,0.98,-2.136251294072254,-8.095829847497717
1413,0.9806666666666668,-4.329271704788546,-8.157289145237716
1414,0.9813333333333332,-3.7704986962163236,-7.534202477487288
1415,0.982,-1.7608261573587958,-7.018972824318888
1416,0.9826666666666668,-1.8791825938357378,-6.013111887800364
1417,0.9833333333333332,-1.7029660352264004,-5.264847714534354
1418,0.984,-1.1379171194227937,-4.360192613154572
1419,0.9846666666666666,0.05633709260033991,-3.434926498272006
1420,0.9853333333333332,-2.0686692591986824,-2.662222854381383
1421,0.986,-0.6392187075741778,-1.8871279079885428
1422,0.9866666666666666,-0.8576425189710497,-1.4338342462397995
1423,0.9873333333333332,1.6109517985823958,-27.61857728682373
1424,0.988,1.4608326199460564,-26.566913621209018
1425,0.9886666666666666,2.4513874607672355,-25.649923519469997
1426,0.9893333333333332,3.116222063514861,-25.208871848144
1427,0.99,2.9593389520676734,-24.658263475074556
1428,0.9906666666666666,3.183308270094238,-24.2697267262596
1429,0.9913333333333332,3.658086127809493,-23.919057650415
1430,0.992,1.509406345027303,-23.845858231436914
1431,0.9926666666666666,0.310827543811835,-23.56548277471354
1432,0.9933333333333332,-147.60704596398293,-23.311817777916072
1433,0.994,1.5133042152931515,-22.99685734896905
1434,0.9946666666666666,1.323890757889367,-23.112272176238385
1435,0.9953333333333332,0.689460905563383,-23.202452750188726
1436,0.996,1.1797528121056091,-23.69223789756026
1437,0.9966666666666666,0.4555714581900414,-24.07776835060937
1438,0.9973333333333332,0.8102444130472124,-24.396710372842474
1439,0.998,0.4630005313674784,-24.705082644864277
1440,0.9986666666666666,-0.5110278329577181,-25.21056143345591
1441,0.9993333333333332,0.7700312746339883,-25.114310229673045
1442,1.0,0.8921376418457282,-24.933043784766184
1443,1.0006666666666666,0.9697583137527633,1.9139748659558644
1444,1.0013333333333334,0.9598294313330427,1.7746088773031066
1445,1.002,-0.2696411357412823,1.6395695773717893
1446,1.0026666666666666,0.9743862132420164,1.8693922804435559
1447,1.0033333333333334,1.1874388285504485,2.1636593705332685
1448,1.004,1.4701289810842173,2.048492561364007
1449,1.0046666666666666,0.8498706356337495,2.220964172429708
1450,1.0053333333333332,2.044135254932108,2.2349675263183673
1451,1.006,1.3178633488499578,2.8545355972824886
1452,1.0066666666666666,1.5430576511395384,3.164163445299185
1453,1.0073333333333332,0.7390487227778281,3.5855678848557972
1454,1.008,0.5736724249376074,4.066335130871878
1455,1.0086666666666666,1.966253700406527,4.441385089440226
1456,1.0093333333333332,2.8145699792706784,5.032102027192399
1457,1.01,-0.18424414830585326,5.5445599457139485
1458,1.0106666666666666,1.768420030078884,5.838846778563718
1459,1.0113333333333332,0.540796941860028,6.0555091459092525
1460,1.012,2.9310170057318503,5.986452718297513
1461,1.0126666666666666,2.4901859858378512,5.968433548219412
1462,1.0133333333333332,3.2332734171602464,6.161753477902295
1463,1.014,3.6406874582865427,6.4580100352609495
1464,1.0146666666666666,3.043440312268312,6.906947623159027
1465,1.0153333333333332,3.012119629548568,7.225875139799809
1466,1.016,3.8213746494728436,7.2580793154991365
1467,1.0166666666666666,2.8223656777158337,7.39636822896383
1468,1.0173333333333332,2.6738087996705246,8.049703161286505
1469,1.018,0.46622381556852693,8.487349502944756
1470,1.0186666666666666,1.9440287544982133,8.880753265165849
1471,1.0193333333333332,2.3918629581993005,8.831715836082351
1472,1.02,3.18892741424318,8.58927270686032
1473,1.0206666666666666,3.2331464333227125,8.391358702642176
1474,1.0213333333333332,2.3454919618308328,8.391652247841103
1475,1.022,2.145165787625012,8.18160524277517
1476,1.0226666666666666,3.5828417207411913,8.481299489044842
1477,1.0233333333333332,3.4453943645979,8.31526435974396
1478,1.024,4.19978859484695,8.321683772534998
1479,1.0246666666666666,2.726373398643874,8.604641408321877
1480,1.0253333333333332,2.658586844156857,9.363707562047031
1481,1.026,1.1432797123821306,9.775035690898813
1482,1.0266666666666666,2.13375117150389,10.067570478541965
1483,1.0273333333333332,3.64231826494725,10.551110765738132
1484,1.028,1.87651250634646,10.982755748959597
1485,1.0286666666666666,4.6770876643800765,11.294846358152572
1486,1.0293333333333332,2.8989572644679473,11.674240807188228
1487,1.03,2.8580290821104857,11.639903379201746
1488,1.0306666666666666,4.245795665153189,11.819804441357093
1489,1.0313333333333332,4.683258002930495,12.137902783047169
1490,1.032,4.229185025896997,12.187352130095059
1491,1.0326666666666666,4.017056222883479,12.686445784387688
1492,1.0333333333333332,5.875262343110776,13.001016762531568
1493,1.034,5.631174117886407,13.036079415818062
1494,1.0346666666666666,4.07932867956958,13.269217385519665
1495,1.0353333333333332,4.2529127267119895,13.454998227010636
1496,1.036,3.3920782319273997,13.089653172893735
1497,1.0366666666666666,4.444844709905392,13.112475402179248
1498,1.0373333333333332,5.96700160423626,13.045243819874221
1499,1.038,3.001091993354366,12.497939659951003
1500,1.0386666666666666,5.431329368004794,11.655756691916304
1501,1.0393333333333332,2.8908962576259185,10.918044225917681
1502,1.04,2.328543689762173,10.064596969304782
1503,1.0406666666666666,4.93752920773394,9.057476027395913
1504,1.0413333333333332,2.908628292407418,8.04386468617636
1505,1.042,2.6473929192861876,7.309585523853835
1506,1.0426666666666666,3.025747427165243,6.544061233045675
1507,1.0433333333333332,2.4845202915270024,5.9334871512987455
1508,1.044,1.20521699891308,5.133415103515773
1509,1.0446666666666666,0.004463736071061922,4.059354814753247
1510,1.0453333333333332,0.13078243701575148,3.5191582559494607
1511,1.046,-0.7243174249659639,2.541518969708598
1512,1.0466666666666666,0.2801459991726183,2.021157643335932
