,time,aYSmooth,ThrustAccelerationIn/s^2,Thrust Force lb*ft/s^2
0,0.002,1412.476077,-1026.387517,-0.00234433
1,0.007333333,-78043.66165,78429.75021,0.179138184
2,0.008,-33811.14248,34197.23104,0.078108496
3,0.009333333,-8229.731662,8615.820222,0.019679042
4,0.011333333,-115792.9394,116179.0279,0.265359764
5,0.012,-28571.11422,28957.20278,0.066139962
6,0.013333333,-27544.94147,27931.03003,0.063796123
7,0.015333333,-7551.209713,7937.298273,0.018129258
8,0.022,-9862.23278,10248.32134,0.023407771
9,0.026666667,-63106.89448,63492.98304,0.145021725
10,0.027333333,-28989.22686,29375.31542,0.067094956
11,0.028666667,-53374.66694,53760.7555,0.122792742
12,0.029333333,-48786.15203,49172.24059,0.112312303
13,0.03,-45712.94635,46099.03491,0.10529292
14,0.030666667,-41293.76766,41679.85622,0.095199254
15,0.031333333,-38117.51904,38503.6076,0.087944515
16,0.032,-35970.87552,36356.96408,0.083041454
17,0.032666667,-33600.47312,33986.56168,0.077627315
18,0.033333333,-32129.87592,32515.96448,0.074268384
19,0.034,-6023.194397,6409.282957,0.014639181
20,0.037333333,-14517.38448,14903.47304,0.034040413
21,0.038666667,-13856.12208,14242.21064,0.032530051
22,0.04,72986.58211,-72600.49355,-0.165823817
23,0.040666667,-25186.34517,25572.43373,0.05840895
24,0.041333333,-762.1381292,1148.226689,0.002622618
25,0.044666667,-2518.988225,2905.076785,0.006635367
26,0.045333333,-1095.672037,1481.760597,0.003384429
27,0.046,144.3105654,241.7779946,0.000552235
28,0.046666667,1294.727627,-908.6390668,-0.002075385
29,0.047333333,-97034.48972,97420.57828,0.222514357
30,0.048,3253.876166,-2867.787606,-0.006550196
31,0.048666667,-95684.87898,96070.96754,0.219431766
32,0.049333333,3443.760739,-3057.672179,-0.006983904
33,0.05,3132.244097,-2746.155537,-0.006272382
34,0.050666667,2782.079967,-2395.991407,-0.005472586
35,0.051333333,2646.492793,-2260.404233,-0.005162897
36,0.052,2514.138197,-2128.049637,-0.004860591
37,0.052666667,2174.450242,-1788.361682,-0.004084724
38,0.053333333,1895.637075,-1509.548515,-0.003447898
39,0.054,1546.685335,-1160.596775,-0.002650872
40,0.054666667,1449.918004,-1063.829444,-0.002429849
41,0.055333333,1441.359629,-1055.271069,-0.002410301
42,0.056,1222.543722,-836.4551615,-0.001910513
43,0.056666667,1117.748674,-731.6601136,-0.001671155
44,0.057333333,1242.908122,-856.8195618,-0.001957027
45,0.058,1089.128647,-703.0400874,-0.001605785
46,0.058666667,996.5751175,-610.4865575,-0.001394387
47,0.059333333,925.8240652,-539.7355052,-0.001232788
48,0.06,795.9393824,-409.8508224,-0.000936123
49,0.060666667,716.7525641,-330.6640041,-0.000755256
50,0.061333333,659.7369966,-273.6484366,-0.000625029
51,0.062,674.5675036,-288.4789436,-0.000658903
52,0.062666667,510.4276055,-124.3390455,-0.000283998
53,0.063333333,505.8325869,-119.7440269,-0.000273502
54,0.064,540.68448,-154.59592,-0.000353106
55,0.064666667,419.5681999,-33.4796399,-7.65E-05
56,0.065333333,479.0830908,-92.99453078,-0.000212405
57,0.066,254.1104037,131.9781563,0.000301446
58,0.066666667,333.2346981,52.85386186,0.000120721
59,0.067333333,207.6093763,178.4791837,0.000407657
60,0.068,156.7337831,229.3547769,0.00052386
61,0.068666667,201.0583115,185.0302485,0.00042262
62,0.069333333,175.5488436,210.5397164,0.000480885
63,0.07,181.9587351,204.1298249,0.000466245
64,0.070666667,153.6904188,232.3981412,0.000530811
65,0.071333333,16.99380818,369.0947518,0.000843034
66,0.072,184.5968547,201.4917053,0.000460219
67,0.072666667,235.4446116,150.6439484,0.00034408
68,0.073333333,64.64001742,321.4485426,0.000734207
69,0.074,59.46002895,326.628531,0.000746039
70,0.074666667,67.55030056,318.5382594,0.00072756
71,0.075333333,115.5079127,270.5806473,0.000618022
72,0.076,53.87329532,332.2152647,0.000758799
73,0.076666667,148.360574,237.727986,0.000542985
74,0.077333333,65.90915635,320.1794037,0.000731309
75,0.078,175.0213431,211.0672169,0.00048209
76,0.078666667,53.83579356,332.2527664,0.000758885
77,0.079333333,110.1399463,275.9486137,0.000630283
78,0.08,56.1175527,329.9710073,0.000753673
79,0.080666667,133.9369599,252.1516001,0.000575929
80,0.081333333,114.6977291,271.3908309,0.000619873
81,0.082,107.1241755,278.9643845,0.000637171
82,0.082666667,67.03350444,319.0550556,0.000728741
83,0.083333333,94.82151948,291.2670405,0.000665271
84,0.084,122.5672575,263.5213025,0.000601898
85,0.084666667,81.27190966,304.8166503,0.000696219
86,0.085333333,-22.34112735,408.4296873,0.000932878
87,0.086,94.6738335,291.4147265,0.000665608
88,0.086666667,119.6001381,266.4884219,0.000608675
89,0.087333333,102.8937937,283.1947663,0.000646834
90,0.088,87.45237886,298.6361811,0.000682103
91,0.088666667,107.5461313,278.5424287,0.000636207
92,0.089333333,88.15186091,297.9366991,0.000680505
93,0.09,66.00121288,320.0873471,0.000731098
94,0.090666667,21.07289131,365.0156687,0.000833717
95,0.091333333,13.18341056,372.9051494,0.000851737
96,0.092,54.97154791,331.1170121,0.000756291
97,0.092666667,133.8863473,252.2022127,0.000576045
98,0.093333333,32.64800945,353.4405506,0.000807279
99,0.094,28.2186726,357.8698874,0.000817396
100,0.094666667,67.36614812,318.7224119,0.000727981
101,0.095333333,14.8126287,371.2759313,0.000848016
102,0.096,18.90075615,367.1878038,0.000838679
103,0.096666667,-24.99819533,411.0867553,0.000938946
104,0.097333333,75.72821808,310.3603419,0.000708881
105,0.098,83.91738873,302.1711713,0.000690177
106,0.098666667,86.28997464,299.7985854,0.000684758
107,0.099333333,66.66797795,319.420582,0.000729575
108,0.1,18.55823196,367.530328,0.000839461
109,0.100666667,23.4505799,362.6379801,0.000828287
110,0.101333333,9.616311966,376.472248,0.000859885
111,0.102,100.4599984,285.6285616,0.000652393
112,0.102666667,65.6446142,320.4439458,0.000731913
113,0.103333333,46.23153643,339.8570236,0.000776254
114,0.104,102.7128517,283.3757083,0.000647247
115,0.104666667,111.4774561,274.6111039,0.000627228
116,0.105333333,68.05683348,318.0317265,0.000726403
117,0.106,54.42516376,331.6633962,0.000757539
118,0.106666667,42.34051598,343.748044,0.000785141
119,0.107333333,65.98298712,320.1055729,0.00073114
120,0.108,53.64249545,332.4460646,0.000759326
121,0.108666667,80.13330098,305.955259,0.00069882
122,0.109333333,77.29346392,308.7950961,0.000705306
123,0.11,95.19227531,290.8962847,0.000664424
124,0.110666667,16.72954039,369.3590196,0.000843638
125,0.111333333,61.99332386,324.0952361,0.000740253
126,0.112,70.26592177,315.8226382,0.000721358
127,0.112666667,50.33525719,335.7533028,0.00076688
128,0.113333333,63.04601324,323.0425468,0.000737848
129,0.114,16.478305,369.610255,0.000844212
130,0.114666667,46.7122243,339.3763357,0.000775156
131,0.115333333,140.0736375,246.0149225,0.000561913
132,0.116,46.43890766,339.6496523,0.00077578
133,0.116666667,28.74477736,357.3437826,0.000816194
134,0.117333333,-5.264991909,391.3535519,0.000893875
135,0.118,114.0928161,271.9957439,0.000621254
136,0.118666667,25.02543631,361.0631237,0.00082469
137,0.119333333,26.83922246,359.2493375,0.000820547
138,0.12,21.45745434,364.6311057,0.000832839
139,0.120666667,126.5123111,259.5762489,0.000592887
140,0.121333333,-26.38819131,412.4767513,0.000942121
141,0.122,51.55558634,334.5329737,0.000764093
142,0.122666667,105.9740851,280.1144749,0.000639798
143,0.123333333,42.65794767,343.4306123,0.000784416
144,0.124,-65.9053332,451.9938932,0.001032381
145,0.124666667,40.22288891,345.8656711,0.000789978
146,0.125333333,91.24360981,294.8449502,0.000673443
147,0.126,38.83806837,347.2504916,0.000793141
148,0.126666667,-7.399871496,393.4884315,0.000898751
149,0.127333333,7.130886619,378.9576734,0.000865562
150,0.128,25.17421825,360.9143417,0.00082435
151,0.128666667,39.57322418,346.5153358,0.000791462
152,0.129333333,57.36568828,328.7228717,0.000750822
153,0.13,33.48353953,352.6050205,0.000805371
154,0.130666667,23.28586184,362.8026982,0.000828663
155,0.131333333,42.11947722,343.9690828,0.000785646
156,0.132,22.80502575,363.2835342,0.000829761
157,0.132666667,50.86992115,335.2186388,0.000765659
158,0.133333333,37.17007028,348.9184897,0.00079695
159,0.134,27.22084062,358.8677194,0.000819675
160,0.134666667,50.95919419,335.1293658,0.000765455
161,0.135333333,3.398641914,382.6899181,0.000874086
162,0.136,40.43291348,345.6556465,0.000789498
163,0.136666667,67.18818233,318.9003777,0.000728387
164,0.137333333,34.51413755,351.5744224,0.000803017
165,0.138,46.91651896,339.172041,0.000774689
166,0.138666667,-28.27781686,414.3663769,0.000946437
167,0.139333333,25.81051374,360.2780463,0.000822896
168,0.14,38.4134075,347.6751525,0.000794111
169,0.140666667,9.067235272,377.0213247,0.000861139
170,0.141333333,-13.17765524,399.2662152,0.000911948
171,0.142,55.09642286,330.9921371,0.000756006
172,0.142666667,59.54340373,326.5451563,0.000745848
173,0.143333333,25.76793096,360.320629,0.000822994
174,0.144,49.54729437,336.5412656,0.00076868
175,0.144666667,44.14767326,341.9408867,0.000781013
176,0.145333333,67.81951223,318.2690478,0.000726945
177,0.146,104.1559089,281.9326511,0.000643951
178,0.146666667,42.43972683,343.6488332,0.000784914
179,0.147333333,20.41176398,365.676796,0.000835227
180,0.148,39.17863542,346.9099246,0.000792363
181,0.148666667,26.25856743,359.8299926,0.000821873
182,0.149333333,27.67372219,358.4148378,0.000818641
183,0.15,48.72724748,337.3613125,0.000770553
184,0.150666667,37.48489759,348.6036624,0.000796231
185,0.151333333,33.62429216,352.4642678,0.000805049
186,0.152,69.66837903,316.420181,0.000722722
187,0.152666667,7.751094396,378.3374656,0.000864145
188,0.153333333,14.37297059,371.7155894,0.00084902
189,0.154,6.878351998,379.210208,0.000866139
190,0.154666667,32.5297126,353.5588474,0.000807549
191,0.155333333,-0.792448911,386.8810089,0.000883659
192,0.156,68.92726191,317.1612981,0.000724415
193,0.156666667,56.72879269,329.3597673,0.000752277
194,0.157333333,-10.37161587,396.4601759,0.000905538
195,0.158,16.65108077,369.4374792,0.000843817
196,0.158666667,22.83175099,363.256809,0.0008297
197,0.159333333,23.14837611,362.9401839,0.000828977
198,0.16,26.5617796,359.5267804,0.00082118
199,0.160666667,26.56948012,359.5190799,0.000821163
200,0.161333333,49.43230786,336.6562521,0.000768943
201,0.162,33.1670905,352.9214695,0.000806093
202,0.162666667,39.72896544,346.3595946,0.000791106
203,0.163333333,54.73097401,331.357586,0.00075684
204,0.164,34.36452809,351.7240319,0.000803358
205,0.164666667,24.63354662,361.4550134,0.000825585
206,0.165333333,29.457532,356.631028,0.000814566
207,0.166,14.19071323,371.8978468,0.000849437
208,0.166666667,45.83425249,340.2543075,0.000777161
209,0.167333333,20.69786188,365.3906981,0.000834574
210,0.168,18.37388882,367.7146712,0.000839882
211,0.168666667,13.62961753,372.4589425,0.000850718
212,0.169333333,29.53876155,356.5497985,0.000814381
213,0.17,30.30999198,355.778568,0.000812619
214,0.170666667,25.17933202,360.909228,0.000824338
215,0.171333333,43.16112932,342.9274307,0.000783267
216,0.172,3.92087454,382.1676855,0.000872894
217,0.172666667,4.912139093,381.1764209,0.000870629
218,0.173333333,29.0792272,357.0093328,0.00081543
219,0.174,16.29018701,369.798373,0.000844641
220,0.174666667,4.236848859,381.8517111,0.000872172
221,0.175333333,44.58860706,341.4999529,0.000780006
222,0.176,2.16717314,383.9213869,0.000876899
223,0.176666667,61.98445421,324.1041058,0.000740273
224,0.177333333,32.15149371,353.9370663,0.000808413
225,0.178,-3.369153364,389.4577134,0.000889544
226,0.178666667,56.91664209,329.1719179,0.000751848
227,0.179333333,26.55010564,359.5384544,0.000821207
228,0.18,49.13153733,336.9570227,0.00076963
229,0.180666667,21.7036819,364.3848781,0.000832277
230,0.181333333,60.5468268,325.5417332,0.000743557
231,0.182,43.40122272,342.6873373,0.000782718
232,0.182666667,14.24619455,371.8423655,0.00084931
233,0.183333333,44.68456882,341.4039912,0.000779787
234,0.184,23.67121817,362.4173418,0.000827783
235,0.184666667,1.965102903,384.1234571,0.000877361
236,0.185333333,27.65600668,358.4325533,0.000818681
237,0.186,57.76252021,328.3260398,0.000749916
238,0.186666667,42.56146799,343.527092,0.000784636
239,0.187333333,19.6722978,366.4162622,0.000836916
240,0.188,8.392331604,377.6962284,0.000862681
241,0.188666667,20.12441411,365.9641459,0.000835884
242,0.189333333,37.02651481,349.0620452,0.000797278
243,0.19,24.12576558,361.9627944,0.000826744
244,0.190666667,16.02945179,370.0591082,0.000845237
245,0.191333333,12.48607921,373.6024808,0.00085333
246,0.192,89.69458215,296.3939779,0.000676981
247,0.192666667,19.07840769,367.0101523,0.000838273
248,0.193333333,3.038016056,383.0505439,0.00087491
249,0.194,-18.54922167,404.6377817,0.000924217
250,0.194666667,-15.41338507,401.5019451,0.000917054
251,0.195333333,37.21554297,348.873017,0.000796847
252,0.196,10.94359203,375.144968,0.000856853
253,0.196666667,-10.76671541,396.8552754,0.000906441
254,0.197333333,-4.785328092,390.8738881,0.000892779
255,0.198,4.119979648,381.9685804,0.000872439
256,0.198666667,58.18922153,327.8993385,0.000748941
257,0.199333333,29.04772426,357.0408357,0.000815502
258,0.2,18.53207302,367.556487,0.000839521
259,0.200666667,-13.89184182,399.9804018,0.000913579
260,0.201333333,16.78571364,369.3028464,0.00084351
261,0.202,4.938862167,381.1496978,0.000870568
262,0.202666667,48.93408466,337.1544753,0.000770081
263,0.203333333,-6.431058947,392.5196189,0.000896538
264,0.204,15.038044,371.050516,0.000847501
265,0.204666667,-17.30171727,403.3902773,0.000921367
266,0.205333333,-36.1252305,422.2137905,0.000964361
267,0.206,-8.071898229,394.1604582,0.000900286
268,0.206666667,39.41337833,346.6751817,0.000791827
269,0.207333333,27.88066946,358.2078905,0.000818168
270,0.208,10.47994816,375.6086118,0.000857912
271,0.208666667,55.88569773,330.2028623,0.000754203
272,0.209333333,64.25479457,321.8337654,0.000735087
273,0.21,8.442785895,377.6457741,0.000862565
274,0.210666667,82.65375861,303.4348014,0.000693063
275,0.211333333,38.79225925,347.2963008,0.000793245
276,0.212,83.67891442,302.4096456,0.000690721
277,0.212666667,68.16603434,317.9225257,0.000726154
278,0.213333333,120.843546,265.245014,0.000605835
279,0.214,80.95215236,305.1364076,0.00069695
280,0.214666667,48.84954425,337.2390157,0.000770274
281,0.215333333,77.04449562,309.0440644,0.000705875
282,0.216,138.7635493,247.3250107,0.000564905
283,0.216666667,128.8084242,257.2801358,0.000587643
284,0.217333333,136.0561022,250.0324578,0.000571089
285,0.218,210.0249968,176.0635632,0.00040214
286,0.218666667,172.0490577,214.0395023,0.000488879
287,0.219333333,293.2659378,92.82262223,0.000212012
288,0.22,231.9920183,154.0965417,0.000351966
289,0.220666667,206.1878133,179.9007467,0.000410904
290,0.221333333,262.6330284,123.4555316,0.00028198
291,0.222,292.0799043,94.0086557,0.000214721
292,0.222666667,283.3967816,102.6917784,0.000234554
293,0.223333333,399.0197032,-12.93114322,-2.95E-05
294,0.224,398.3558168,-12.26725681,-2.80E-05
295,0.224666667,512.9395248,-126.8509648,-0.000289735
296,0.225333333,544.3753616,-158.2868016,-0.000361536
297,0.226,580.6345651,-194.5460051,-0.000444355
298,0.226666667,580.931296,-194.842736,-0.000445032
299,0.227333333,665.4160518,-279.3274918,-0.000638
300,0.228,710.1280004,-324.0394404,-0.000740125
301,0.228666667,813.6854791,-427.5969191,-0.000976657
302,0.229333333,944.4596448,-558.3710848,-0.001275353
303,0.23,1026.963374,-640.8748139,-0.001463796
304,0.230666667,1126.868358,-740.7797979,-0.001691985
305,0.231333333,1254.686683,-868.5981227,-0.001983929
306,0.232,1371.83742,-985.7488598,-0.002251509
307,0.232666667,1680.693068,-1294.604508,-0.002956953
308,0.233333333,1670.59485,-1284.50629,-0.002933888
309,0.234,1813.524816,-1427.436256,-0.003260349
310,0.234666667,2188.354435,-1802.265875,-0.004116482
311,0.235333333,2058.823204,-1672.734644,-0.003820625
312,0.236,2334.852473,-1948.763913,-0.004451092
313,0.236666667,2462.281734,-2076.193174,-0.004742148
314,0.237333333,2828.637776,-2442.549216,-0.005578927
315,0.238,3047.433823,-2661.345263,-0.00607867
316,0.238666667,3309.099809,-2923.011249,-0.00667633
317,0.239333333,3389.697689,-3003.609129,-0.006860421
318,0.24,-81895.35674,82281.4453,0.187935683
319,0.240666667,3429.437186,-3043.348626,-0.006951188
320,0.241333333,3070.580633,-2684.492073,-0.006131539
321,0.242,2806.955206,-2420.866646,-0.005529402
322,0.242666667,2784.900017,-2398.811457,-0.005479027
323,0.243333333,2554.261761,-2168.173201,-0.004952236
324,0.244,2367.169214,-1981.080654,-0.004524905
325,0.244666667,2118.916142,-1732.827582,-0.003957881
326,0.245333333,1971.974128,-1585.885568,-0.003622256
327,0.246,1777.498537,-1391.409977,-0.003178063
328,0.246666667,1626.897707,-1240.809147,-0.002834081
329,0.247333333,1545.507726,-1159.419166,-0.002648182
330,0.248,1334.56798,-948.4794195,-0.002166383
331,0.248666667,1173.827601,-787.7390414,-0.001799243
332,0.249333333,1131.741516,-745.6529558,-0.001703115
333,0.25,990.309572,-604.221012,-0.001380076
334,0.250666667,970.1698496,-584.0812896,-0.001334076
335,0.251333333,923.1970681,-537.1085081,-0.001226788
336,0.252,872.8019277,-486.7133677,-0.001111682
337,0.252666667,835.4155951,-449.3270351,-0.001026289
338,0.253333333,753.5167563,-367.4281963,-0.000839228
339,0.254,739.0885426,-352.9999826,-0.000806273
340,0.254666667,603.5504647,-217.4619047,-0.000496696
341,0.255333333,592.413987,-206.325427,-0.000471259
342,0.256,485.9698004,-99.8812404,-0.000228135
343,0.256666667,470.2891247,-84.20056471,-0.000192319
344,0.257333333,518.2720326,-132.1834726,-0.000301915
345,0.258,388.3343195,-2.245759497,-5.13E-06
346,0.258666667,403.3366417,-17.24808167,-3.94E-05
347,0.259333333,349.4893443,36.59921573,8.36E-05
348,0.26,333.4791715,52.60938845,0.000120163
349,0.260666667,334.9910717,51.09748829,0.00011671
350,0.261333333,336.3076658,49.78089415,0.000113703
351,0.262,310.008196,76.08036397,0.000173772
352,0.262666667,296.2130898,89.87547017,0.000205281
353,0.263333333,257.9477396,128.1408204,0.000292681
354,0.264,290.8654135,95.22314646,0.000217495
355,0.264666667,281.9821971,104.1063629,0.000237785
356,0.265333333,191.7579562,194.3306038,0.000443863
357,0.266,254.6392869,131.4492731,0.000300238
358,0.266666667,212.1950662,173.8934938,0.000397183
359,0.267333333,206.5043451,179.5842149,0.000410181
360,0.268,190.9866375,195.1019225,0.000445624
361,0.268666667,163.0243041,223.0642559,0.000509492
362,0.269333333,170.0047234,216.0838366,0.000493548
363,0.27,137.8489485,248.2396115,0.000566994
364,0.270666667,156.7771917,229.3113683,0.000523761
365,0.271333333,160.1100881,225.9784719,0.000516148
366,0.272,143.9985055,242.0900545,0.000552948
367,0.272666667,165.2707108,220.8178492,0.000504361
368,0.273333333,158.8317411,227.2568189,0.000519068
369,0.274,158.897302,227.191258,0.000518918
370,0.274666667,133.966219,252.122341,0.000575862
371,0.275333333,134.2909204,251.7976396,0.000575121
372,0.276,118.1819344,267.9066256,0.000611915
373,0.276666667,143.3796911,242.7088689,0.000554361
374,0.277333333,101.8982407,284.1903193,0.000649107
375,0.278,158.9936523,227.0949077,0.000518698
376,0.278666667,106.2389399,279.8496201,0.000639193
377,0.279333333,172.3268579,213.7617021,0.000488244
378,0.28,124.0403384,262.0482216,0.000598534
379,0.280666667,83.57694391,302.5116161,0.000690954
380,0.281333333,152.9475382,233.1410218,0.000532508
381,0.282,120.070501,266.018059,0.000607601
382,0.282666667,124.5139231,261.5746369,0.000597452
383,0.283333333,78.64341539,307.4451446,0.000702223
384,0.284,74.12159809,311.9669619,0.000712551
385,0.284666667,76.66959047,309.4189695,0.000706731
386,0.285333333,159.334724,226.753836,0.000517919
387,0.286,62.07765598,324.010904,0.00074006
388,0.286666667,84.04615313,302.0424069,0.000689883
389,0.287333333,91.04932112,295.0392389,0.000673887
390,0.288,80.68487703,305.403683,0.00069756
391,0.288666667,92.87207749,293.2164825,0.000669724
392,0.289333333,63.66304962,322.4255104,0.000736439
393,0.29,29.34131719,356.7472428,0.000814832
394,0.290666667,71.41439927,314.6741607,0.000718734
395,0.291333333,64.99120795,321.0973521,0.000733405
396,0.292,113.7749147,272.3136453,0.00062198
397,0.292666667,69.69806358,316.3904964,0.000722655
398,0.293333333,64.41394835,321.6746117,0.000734724
399,0.294,88.18605935,297.9025007,0.000680427
400,0.294666667,83.97129755,302.1172625,0.000690054
401,0.295333333,67.73471776,318.3538422,0.000727139
402,0.296,33.43675358,352.6518064,0.000805478
403,0.296666667,63.08934863,322.9992114,0.000737749
404,0.297333333,50.67987645,335.4086835,0.000766093
405,0.298,30.56793857,355.5206214,0.00081203
406,0.298666667,72.13839667,313.9501633,0.000717081
407,0.299333333,41.99246848,344.0960915,0.000785936
408,0.3,25.09831361,360.9902464,0.000824523
409,0.300666667,106.639639,279.448921,0.000638278
410,0.301333333,33.61073465,352.4778253,0.00080508
411,0.302,91.5965072,294.4920528,0.000672637
412,0.302666667,123.8101693,262.2783907,0.000599059
413,0.303333333,39.90027576,346.1882842,0.000790714
414,0.304,18.58022888,367.5083311,0.000839411
415,0.304666667,48.6643288,337.4242312,0.000770697
416,0.305333333,3.914596775,382.1739632,0.000872908
417,0.306,7.888096606,378.2004634,0.000863832
418,0.306666667,62.91360814,323.1749519,0.000738151
419,0.307333333,26.27279667,359.8157633,0.00082184
420,0.308,36.20768063,349.8808794,0.000799149
421,0.308666667,20.66500966,365.4235503,0.000834649
422,0.309333333,15.15183344,370.9367266,0.000847241
423,0.31,13.13473899,372.953821,0.000851849
424,0.310666667,26.74730281,359.3412572,0.000820757
425,0.311333333,54.66021531,331.4283447,0.000757002
426,0.312,32.38556383,353.7029962,0.000807879
427,0.312666667,30.11220527,355.9763547,0.000813071
428,0.313333333,21.24600387,364.8425561,0.000833322
429,0.314,66.53929348,319.5492665,0.000729869
430,0.314666667,45.19912548,340.8894345,0.000778612
431,0.315333333,71.98586832,314.1026917,0.000717429
432,0.316,94.43411923,291.6544408,0.000666156
433,0.316666667,108.9706668,277.1178932,0.000632954
434,0.317333333,112.7314807,273.3570793,0.000624364
435,0.318,122.3310844,263.7574756,0.000602438
436,0.318666667,152.1485998,233.9399602,0.000534333
437,0.319333333,217.3481357,168.7404243,0.000385413
438,0.32,239.0817718,147.0067882,0.000335772
439,0.320666667,258.3887085,127.6998515,0.000291674
440,0.321333333,186.7624406,199.3261194,0.000455273
441,0.322,266.4535841,119.6349759,0.000273253
442,0.322666667,317.2108045,68.87775549,0.000157321
443,0.323333333,382.9113095,3.177250519,7.26E-06
444,0.324,282.1238205,103.9647395,0.000237462
445,0.324666667,272.4873028,113.6012572,0.000259472
446,0.325333333,375.9989479,10.08961207,2.30E-05
447,0.326,488.3674229,-102.2788629,-0.000233611
448,0.326666667,581.5853269,-195.4967669,-0.000446526
449,0.327333333,543.1633068,-157.0747468,-0.000358768
450,0.328,649.7471126,-263.6585526,-0.000602212
451,0.328666667,842.4216156,-456.3330556,-0.001042292
452,0.329333333,858.6410213,-472.5524613,-0.001079338
453,0.33,817.005338,-430.916778,-0.000984239
454,0.330666667,1036.168373,-650.0798129,-0.001484821
455,0.331333333,1129.216818,-743.1282578,-0.001697349
456,0.332,1288.025674,-901.9371142,-0.002060078
457,0.332666667,1421.072099,-1034.983539,-0.002363964
458,0.333333333,1510.112263,-1124.023703,-0.002567337
459,0.334,1728.990598,-1342.902038,-0.003067268
460,0.334666667,1894.857199,-1508.768639,-0.003446117
461,0.335333333,2093.701957,-1707.613397,-0.00390029
462,0.336,2259.542481,-1873.453921,-0.004279079
463,0.336666667,2444.659792,-2058.571232,-0.004701898
464,0.337333333,2884.326572,-2498.238012,-0.005706123
465,0.338,3019.466273,-2633.377713,-0.00601479
466,0.338666667,3394.520063,-3008.431503,-0.006871435
467,0.339333333,3658.773256,-3272.684696,-0.007475005
468,0.34,4095.30758,-3709.21902,-0.008472075
469,0.340666667,-64606.54303,64992.63159,0.148447011
470,0.341333333,4193.152921,-3807.064361,-0.00869556
471,0.342,3963.367247,-3577.278687,-0.008170716
472,0.342666667,3929.248817,-3543.160257,-0.008092787
473,0.343333333,3758.132124,-3372.043564,-0.007701947
474,0.344,3708.786642,-3322.698082,-0.007589239
475,0.344666667,3699.12414,-3313.03558,-0.007567169
476,0.345333333,3784.287726,-3398.199166,-0.007761688
477,0.346,3818.640352,-3432.551792,-0.007840151
478,0.346666667,3916.883669,-3530.795109,-0.008064545
479,0.347333333,-63034.81935,63420.90791,0.144857101
480,0.348,3750.987452,-3364.898892,-0.007685628
481,0.348666667,3360.680531,-2974.591971,-0.006794144
482,0.349333333,2975.14316,-2589.0546,-0.005913554
483,0.35,2769.743199,-2383.654639,-0.005444408
484,0.350666667,2422.166898,-2036.078338,-0.004650523
485,0.351333333,2221.794132,-1835.705572,-0.00419286
486,0.352,2641.97802,-2255.88946,-0.005152585
487,0.352666667,2389.776807,-2003.688247,-0.004576542
488,0.353333333,2195.822554,-1809.733994,-0.004133539
489,0.354,2000.081399,-1613.992839,-0.003686455
490,0.354666667,1823.830805,-1437.742245,-0.003283888
491,0.355333333,1728.8377,-1342.74914,-0.003066918
492,0.356,1491.568461,-1105.479901,-0.002524981
493,0.356666667,1441.521459,-1055.432899,-0.002410671
494,0.357333333,1301.107768,-915.019208,-0.002089958
495,0.358,1316.772989,-930.6844285,-0.002125738
496,0.358666667,1121.10627,-735.0177102,-0.001678824
497,0.359333333,976.8874514,-590.7988914,-0.00134942
498,0.36,958.6351236,-572.5465636,-0.00130773
499,0.360666667,850.6286234,-464.5400634,-0.001061037
500,0.361333333,732.5315925,-346.4430325,-0.000791296
501,0.362,723.5062628,-337.4177028,-0.000770682
502,0.362666667,592.4973158,-206.4087558,-0.00047145
503,0.363333333,623.1717572,-237.0831972,-0.000541512
504,0.364,498.7990383,-112.7104783,-0.000257437
505,0.364666667,470.8617457,-84.77318574,-0.000193627
506,0.365333333,503.6414042,-117.5528442,-0.000268498
507,0.366,404.5433144,-18.45475445,-4.22E-05
508,0.366666667,362.7883507,23.30020934,5.32E-05
509,0.367333333,387.9303744,-1.841814419,-4.21E-06
510,0.368,266.4356801,119.6528799,0.000273294
511,0.368666667,226.4315705,159.6569895,0.000364666
512,0.369333333,224.11988,161.96868,0.000369946
513,0.37,191.7230116,194.3655484,0.000443942
514,0.370666667,196.4224083,189.6661517,0.000433209
515,0.371333333,184.6569438,201.4316162,0.000460082
516,0.372,165.6980336,220.3905264,0.000503385
517,0.372666667,119.7336352,266.3549248,0.00060837
518,0.373333333,139.9736279,246.1149321,0.000562141
519,0.374,106.0532837,280.0352763,0.000639617
520,0.374666667,119.5989523,266.4896077,0.000608678
521,0.375333333,27.53864987,358.5499101,0.000818949
522,0.376,76.49218424,309.5963758,0.000707136
523,0.376666667,34.73266357,351.3558964,0.000802518
524,0.377333333,29.83214192,356.2564181,0.000813711
525,0.378,63.02604413,323.0625159,0.000737894
526,0.378666667,13.8483273,372.2402327,0.000850219
527,0.379333333,-24.43643642,410.5249964,0.000937663
528,0.38,17.75284776,368.3357122,0.000841301
529,0.380666667,-26.58685432,412.6754143,0.000942575
530,0.381333333,-29.11112161,415.1996816,0.000948341
531,0.382,-82.70864844,468.7972084,0.001070761
532,0.382666667,201.0949074,184.9936526,0.000422536
533,0.383333333,210.0005461,176.0880139,0.000402195
534,0.384,-134.887694,520.976254,0.001189941
535,0.384666667,-130.7839464,516.8725064,0.001180567
536,0.385333333,-299.4307681,685.5193281,0.001565767
537,0.386,-184.3504056,570.4389656,0.001302916
538,0.386666667,-241.6311102,627.7196702,0.001433749
539,0.387333333,-133.212215,519.300775,0.001186114
540,0.388,-118.8024638,504.8910238,0.001153201
541,0.388666667,-117.8163629,503.9049229,0.001150949
542,0.389333333,-83.57894699,469.667507,0.001072748
543,0.39,-50.56501385,436.6535738,0.000997343
544,0.390666667,-68.94917883,455.0377388,0.001039333
545,0.391333333,11.64165495,374.446905,0.000855259
546,0.392,-29.19017472,415.2787347,0.000948521
547,0.392666667,-33.63696206,419.7255221,0.000958678
548,0.393333333,56.00986194,330.0786981,0.000753919
549,0.394,-39.52050278,425.6090628,0.000972116
550,0.394666667,28.09452373,357.9940363,0.00081768
551,0.395333333,-13.76802812,399.8565881,0.000913296
552,0.396,12.02256923,374.0659908,0.000854389
553,0.396666667,-23.87610802,409.964668,0.000936384
554,0.397333333,-92.95339247,479.0419525,0.00109416
555,0.398,63.66775232,322.4208077,0.000736428
556,0.398666667,-84.41611284,470.5046728,0.00107466
557,0.399333333,-134.4496354,520.5381954,0.00118894
558,0.4,-299.83231,685.92087,0.001566684
559,0.400666667,-131.0255513,517.1141113,0.001181119
560,0.402,-84.04848961,470.1370496,0.001073821
561,0.404,-189.4716366,575.5601966,0.001314613
562,0.404666667,-220.4163456,606.5049056,0.001385293
563,0.405333333,-173.7808658,559.8694258,0.001278775
564,0.406,-137.7548011,523.8433611,0.001196489
565,0.406666667,-104.4634255,490.5519855,0.00112045
566,0.407333333,-104.3462311,490.4347911,0.001120182
567,0.408,-56.34333131,442.4318913,0.001010541
568,0.408666667,-21.435052,407.523612,0.000930808
569,0.409333333,486.2755206,-100.1869606,-0.000228833
570,0.41,599.2253582,-213.1367982,-0.000486817
571,0.410666667,585.6981328,-199.6095728,-0.00045592
572,0.411333333,544.1186798,-158.0301198,-0.00036095
573,0.412,597.312479,-211.223919,-0.000482448
574,0.412666667,615.6313841,-229.5428241,-0.000524289
575,0.413333333,637.9504687,-251.8619087,-0.000575267
576,0.414,730.6058142,-344.5172542,-0.000786898
577,0.414666667,678.6899644,-292.6014044,-0.000668319
578,0.415333333,730.2684602,-344.1799002,-0.000786127
579,0.416,833.2206431,-447.1320831,-0.001021276
580,0.416666667,882.8371485,-496.7485885,-0.001134603
581,0.417333333,930.532875,-544.444315,-0.001243543
582,0.418,1057.400655,-671.3120954,-0.001533316
583,0.418666667,1095.263798,-709.1752384,-0.001619798
584,0.419333333,1187.815991,-801.7274313,-0.001831193
585,0.42,1239.968559,-853.8799993,-0.001950312
586,0.420666667,1310.390468,-924.301908,-0.00211116
587,0.421333333,1468.409783,-1082.321223,-0.002472086
588,0.422,1685.322726,-1299.234166,-0.002967528
589,0.422666667,1931.197155,-1545.108595,-0.003529119
590,0.423333333,1984.057157,-1597.968597,-0.003649855
591,0.424,2201.156924,-1815.068364,-0.004145723
592,0.424666667,2403.714902,-2017.626342,-0.004608378
593,0.425333333,2620.553453,-2234.464893,-0.00510365
594,0.426,2888.782049,-2502.693489,-0.0057163
595,0.426666667,3159.8616,-2773.77304,-0.006335462
596,0.427333333,3491.999041,-3105.910481,-0.007094083
597,0.428,3743.401672,-3357.313112,-0.007668302
598,0.428666667,4129.975549,-3743.886989,-0.008551259
599,0.429333333,4551.636485,-4165.547925,-0.009514358
600,0.43,4974.746224,-4588.657664,-0.010480765
601,0.430666667,5557.583641,-5171.495081,-0.011812
602,0.431333333,6037.787634,-5651.699074,-0.012908815
603,0.432,6705.149418,-6319.060858,-0.014433108
604,0.432666667,7221.864387,-6835.775827,-0.015613316
605,0.433333333,8016.130068,-7630.041508,-0.017427466
606,0.434,8623.827641,-8237.739081,-0.018815483
607,0.434666667,9652.909987,-9266.821427,-0.021165968
608,0.435333333,-44695.29761,45081.38617,0.10296855
609,0.436,-44443.98073,44830.06929,0.102394527
610,0.436666667,-43716.74188,44102.83044,0.100733471
611,0.437333333,11113.57389,-10727.48533,-0.02450221
612,0.438,-43779.68728,44165.77584,0.100877242
613,0.438666667,-44656.5339,45042.62246,0.102880011
614,0.439333333,9817.001518,-9430.912958,-0.021540762
615,0.44,8966.29013,-8580.20157,-0.019597687
616,0.440666667,8194.405466,-7808.316906,-0.017834657
617,0.441333333,7572.378391,-7186.289831,-0.016413911
618,0.442,6945.653149,-6559.564589,-0.014982433
619,0.442666667,6487.748689,-6101.660129,-0.013936552
620,0.443333333,5975.164093,-5589.075533,-0.012765779
621,0.444,5627.343129,-5241.254569,-0.011971335
622,0.444666667,5292.481673,-4906.393113,-0.011206492
623,0.445333333,4957.714862,-4571.626302,-0.010441865
624,0.446,4638.728661,-4252.640101,-0.009713281
625,0.446666667,4364.506148,-3978.417588,-0.009086941
626,0.447333333,4156.705419,-3770.616859,-0.008612312
627,0.448,3988.220398,-3602.131838,-0.008227482
628,0.448666667,3788.359043,-3402.270483,-0.007770987
629,0.449333333,3706.631408,-3320.542848,-0.007584316
630,0.45,3626.085188,-3239.996628,-0.007400344
631,0.450666667,3629.582952,-3243.494392,-0.007408333
632,0.451333333,3505.737356,-3119.648796,-0.007125462
633,0.452,3519.51513,-3133.42657,-0.007156931
634,0.452666667,3579.02563,-3192.93707,-0.007292857
635,0.453333333,-49345.99035,49732.07891,0.113591007
636,0.454,3263.196052,-2877.107492,-0.006571484
637,0.454666667,1541.219293,-1155.130733,-0.002638387
638,0.456,2735.778302,-2349.689742,-0.00536683
639,0.456666667,2471.432872,-2085.344312,-0.00476305
640,0.457333333,2272.748195,-1886.659635,-0.004309242
641,0.458,1900.865886,-1514.777326,-0.003459841
642,0.458666667,1709.384681,-1323.296121,-0.003022487
643,0.459333333,1546.290998,-1160.202438,-0.002649971
644,0.46,699.916309,-313.827749,-0.000716801
645,0.461333333,1273.647375,-887.5588153,-0.002027237
646,0.462,1196.824372,-810.7358115,-0.001851768
647,0.462666667,1053.159817,-667.0712571,-0.00152363
648,0.463333333,934.1557629,-548.0672029,-0.001251818
649,0.464,839.4860865,-453.3975265,-0.001035587
650,0.464666667,770.7919432,-384.7033832,-0.000878685
651,0.465333333,713.230771,-327.142211,-0.000747212
652,0.466,619.9934196,-233.9048596,-0.000534253
653,0.466666667,615.3610091,-229.2724491,-0.000523672
654,0.467333333,549.5590168,-163.4704568,-0.000373376
655,0.468,471.3521279,-85.26356789,-0.000194747
656,0.468666667,766.3125226,-380.2239626,-0.000868454
657,0.469333333,729.4060414,-343.3174814,-0.000784157
658,0.47,683.2284525,-297.1398925,-0.000678685
659,0.470666667,609.4760808,-223.3875208,-0.00051023
660,0.471333333,519.2416248,-133.1530648,-0.000304129
661,0.472,477.9039259,-91.81536593,-0.000209712
662,0.472666667,443.021026,-56.932466,-0.000130037
663,0.473333333,343.3094278,42.77913215,9.77E-05
664,0.474,389.8226335,-3.734073471,-8.53E-06
665,0.474666667,337.89234,48.19621998,0.000110083
666,0.475333333,319.2101104,66.87844959,0.000152754
667,0.476,253.3496289,132.7389311,0.000303184
668,0.476666667,227.0150063,159.0735537,0.000363333
669,0.477333333,209.1338353,176.9547247,0.000404175
670,0.478,193.3477014,192.7408586,0.000440232
671,0.478666667,181.278,204.81056,0.000467799
672,0.479333333,204.3153346,181.7732254,0.000415181
673,0.48,185.0084643,201.0800957,0.000459279
674,0.480666667,174.7702056,211.3183544,0.000482664
675,0.481333333,200.9030157,185.1855443,0.000422975
676,0.482,97.38939205,288.6991679,0.000659406
677,0.482666667,139.3011087,246.7874513,0.000563677
678,0.483333333,100.9516336,285.1369264,0.00065127
679,0.484,73.75709468,312.3314653,0.000713384
680,0.484666667,90.90773557,295.1808244,0.00067421
681,0.485333333,113.9895969,272.0989631,0.00062149
682,0.486,97.45646498,288.632095,0.000659253
683,0.486666667,122.0511477,264.0374123,0.000603077
684,0.487333333,84.77623351,301.3123265,0.000688215
685,0.488,66.91756623,319.1709938,0.000729005
686,0.488666667,145.1470015,240.9415585,0.000550325
687,0.489333333,140.7810919,245.3074681,0.000560297
688,0.49,115.4259988,270.6625612,0.000618209
689,0.490666667,171.0790711,215.0094889,0.000491094
690,0.491333333,152.7872114,233.3013486,0.000532874
691,0.492,111.247727,274.840833,0.000627753
692,0.492666667,174.7643641,211.3241959,0.000482677
693,0.493333333,142.6957796,243.3927804,0.000555923
694,0.494,29.11955949,356.9690005,0.000815338
695,0.494666667,125.8661653,260.2223947,0.000594363
696,0.495333333,143.1276023,242.9609577,0.000554937
697,0.496,203.4481275,182.6404325,0.000417162
698,0.496666667,197.6047242,188.4838358,0.000430508
699,0.497333333,249.5147482,136.5738118,0.000311943
700,0.498,291.7669794,94.32158064,0.000215436
701,0.498666667,307.7606834,78.32787662,0.000178905
702,0.499333333,482.201176,-96.11261599,-0.000219527
703,0.5,463.4727878,-77.38422778,-0.00017675
704,0.500666667,493.8892188,-107.8006588,-0.000246223
705,0.501333333,565.7531278,-179.6645678,-0.000410364
706,0.502,690.7583175,-304.6697575,-0.000695884
707,0.502666667,723.7276632,-337.6391032,-0.000771188
708,0.503333333,800.3194493,-414.2308893,-0.000946128
709,0.504,797.8459463,-411.7573863,-0.000940478
710,0.504666667,1008.549717,-622.4611567,-0.001421738
711,0.505333333,1170.338607,-784.2500472,-0.001791273
712,0.506,1303.114213,-917.0256533,-0.002094541
713,0.506666667,1392.752633,-1006.664073,-0.00229928
714,0.507333333,1544.211785,-1158.123225,-0.002645222
715,0.508,1635.766591,-1249.678031,-0.002854338
716,0.508666667,1779.881899,-1393.793339,-0.003183506
717,0.509333333,1953.642501,-1567.553941,-0.003580386
718,0.51,2193.927259,-1807.838699,-0.00412921
719,0.510666667,2380.195649,-1994.107089,-0.004554658
720,0.511333333,2590.784377,-2204.695817,-0.005035656
721,0.512,2883.264749,-2497.176189,-0.005703698
722,0.512666667,3159.330672,-2773.242112,-0.006334249
723,0.513333333,3490.971801,-3104.883241,-0.007091737
724,0.514,3762.544045,-3376.455485,-0.007712024
725,0.514666667,4164.939656,-3778.851096,-0.008631119
726,0.515333333,4503.151598,-4117.063038,-0.009403615
727,0.516,5208.321435,-4822.232875,-0.011014265
728,0.516666667,5206.877804,-4820.789244,-0.011010967
729,0.517333333,5976.560485,-5590.471925,-0.012768968
730,0.518,6464.010009,-6077.921449,-0.013882332
731,0.518666667,7159.262037,-6773.173477,-0.015470328
732,0.519333333,7917.629889,-7531.541329,-0.017202485
733,0.52,8711.27249,-8325.18393,-0.019015212
734,0.520666667,9562.783262,-9176.694702,-0.020960113
735,0.521333333,10431.1682,-10045.07964,-0.022943555
736,0.522,11304.79393,-10918.70537,-0.024938968
737,0.522666667,12580.06934,-12193.98078,-0.027851773
738,0.523333333,-33272.65457,33658.74313,0.076878558
739,0.524,-6451.143824,6837.232384,0.015616643
740,0.527333333,-31400.39031,31786.47887,0.072602196
741,0.528,-31061.99375,31448.08231,0.071829278
742,0.528666667,-15375.62878,15761.71734,0.036000694
743,0.53,-31116.18682,31502.27538,0.071953058
744,0.530666667,15001.70162,-14615.61306,-0.033382924
745,0.531333333,-31607.58013,31993.66869,0.07307543
746,0.532,14126.27329,-13740.18473,-0.031383394
747,0.532666667,13663.54448,-13277.45592,-0.030326494
748,0.533333333,13320.49374,-12934.40518,-0.029542946
749,0.534,-33274.14683,33660.23539,0.076881966
750,0.534666667,-34015.7447,34401.83326,0.07857582
751,0.535333333,11809.83924,-11423.75068,-0.026092522
752,0.536,11090.76792,-10704.67936,-0.02445012
753,0.536666667,-35688.62808,36074.71664,0.082396784
754,0.537333333,9534.380643,-9148.292083,-0.02089524
755,0.538,8727.412527,-8341.323967,-0.019052077
756,0.538666667,7944.972172,-7558.883612,-0.017264937
757,0.539333333,7284.118114,-6898.029554,-0.015755507
758,0.54,6662.434939,-6276.346379,-0.014335546
759,0.540666667,6040.456703,-5654.368143,-0.012914911
760,0.541333333,5567.350406,-5181.261846,-0.011834308
761,0.542,5107.641699,-4721.553139,-0.010784306
762,0.542666667,4681.729767,-4295.641207,-0.009811498
763,0.543333333,4286.642869,-3900.554309,-0.008909097
764,0.544,3948.74341,-3562.65485,-0.008137314
765,0.544666667,3586.916188,-3200.827628,-0.007310879
766,0.545333333,3372.351513,-2986.262953,-0.006820801
767,0.546,3091.709613,-2705.621053,-0.006179798
768,0.546666667,2847.685114,-2461.596554,-0.005622432
769,0.547333333,2662.53728,-2276.44872,-0.005199543
770,0.548,2461.506971,-2075.418411,-0.004740378
771,0.548666667,2324.502513,-1938.413953,-0.004427452
772,0.549333333,2174.958245,-1788.869685,-0.004085884
773,0.55,2042.525825,-1656.437265,-0.003783401
774,0.550666667,1968.194761,-1582.106201,-0.003613624
775,0.551333333,1861.338813,-1475.250253,-0.003369559
776,0.552,1814.769323,-1428.680763,-0.003263191
777,0.552666667,1726.571335,-1340.482775,-0.003061742
778,0.553333333,1733.511897,-1347.423337,-0.003077595
779,0.554,1694.960963,-1308.872403,-0.002989542
780,0.554666667,1713.876485,-1327.787925,-0.003032746
781,0.555333333,1696.143842,-1310.055282,-0.002992244
782,0.556,1751.855816,-1365.767256,-0.003119493
783,0.556666667,1826.081048,-1439.992488,-0.003289028
784,0.557333333,1800.316486,-1414.227926,-0.00323018
785,0.558,1902.694607,-1516.606047,-0.003464018
786,0.558666667,1970.843504,-1584.754944,-0.003619674
787,0.559333333,2055.655695,-1669.567135,-0.00381339
788,0.56,2224.906366,-1838.817806,-0.004199969
789,0.560666667,-41737.93004,42124.0186,0.096213747
790,0.561333333,2158.208243,-1772.119683,-0.004047626
791,0.562,1972.982238,-1586.893678,-0.003624559
792,0.562666667,1758.649352,-1372.560792,-0.00313501
793,0.563333333,1629.882473,-1243.793913,-0.002840899
794,0.564,1513.681547,-1127.592987,-0.002575489
795,0.564666667,1278.645839,-892.5572794,-0.002038654
796,0.565333333,1176.47309,-790.38453,-0.001805285
797,0.566,1090.792171,-704.7036105,-0.001609585
798,0.566666667,1057.327683,-671.2391233,-0.00153315
799,0.567333333,884.7459497,-498.6573897,-0.001138963
800,0.568,819.0991754,-433.0106154,-0.000989022
801,0.568666667,892.6386431,-506.5500831,-0.00115699
802,0.569333333,833.7777872,-447.6892272,-0.001022549
803,0.57,784.3921671,-398.3036071,-0.000909749
804,0.570666667,756.1738401,-370.0852801,-0.000845297
805,0.571333333,731.9030394,-345.8144794,-0.000789861
806,0.572,703.8969829,-317.8084229,-0.000725893
807,0.572666667,634.5464201,-248.4578601,-0.000567492
808,0.573333333,635.5014818,-249.4129218,-0.000569674
809,0.574,590.1992852,-204.1107252,-0.000466201
810,0.574666667,634.9517457,-248.8631857,-0.000568418
811,0.575333333,563.3288474,-177.2402874,-0.000404827
812,0.576,618.9570472,-232.8684872,-0.000531885
813,0.576666667,651.3322399,-265.2436799,-0.000605832
814,0.577333333,662.2052259,-276.1166659,-0.000630667
815,0.578,632.2554174,-246.1668574,-0.00056226
816,0.578666667,667.1481796,-281.0596196,-0.000641957
817,0.579333333,668.0580761,-281.9695161,-0.000644035
818,0.58,705.552384,-319.463824,-0.000729674
819,0.580666667,796.3465306,-410.2579706,-0.000937053
820,0.581333333,794.7071872,-408.6186272,-0.000933309
821,0.582,817.9866665,-431.8981065,-0.000986481
822,0.582666667,939.8369477,-553.7483877,-0.001264794
823,0.583333333,1001.015692,-614.9271324,-0.00140453
824,0.584,1084.287718,-698.1991584,-0.001594728
825,0.584666667,1150.754793,-764.6662332,-0.001746543
826,0.585333333,1212.016541,-825.9279811,-0.001886468
827,0.586,1269.78983,-883.7012699,-0.002018426
828,0.586666667,1371.301249,-985.2126891,-0.002250284
829,0.587333333,1578.197716,-1192.109156,-0.002722848
830,0.588,1700.508145,-1314.419585,-0.003002212
831,0.588666667,1882.128829,-1496.040269,-0.003417044
832,0.589333333,2012.592362,-1626.503802,-0.003715031
833,0.59,2272.678329,-1886.589769,-0.004309083
834,0.590666667,2319.24945,-1933.16089,-0.004415454
835,0.591333333,2562.007104,-2175.918544,-0.004969927
836,0.592,2863.335468,-2477.246908,-0.005658178
837,0.592666667,3293.201613,-2907.113053,-0.006640018
838,0.593333333,3491.02884,-3104.94028,-0.007091867
839,0.594,3765.319834,-3379.231274,-0.007718364
840,0.594666667,4029.604508,-3643.515948,-0.008322006
841,0.595333333,4479.265158,-4093.176598,-0.009349057
842,0.596,4904.122541,-4518.033981,-0.010319457
843,0.596666667,5448.074656,-5061.986096,-0.011561875
844,0.597333333,5939.411588,-5553.323028,-0.012684118
845,0.598,6646.417168,-6260.328608,-0.01429896
846,0.598666667,7216.841582,-6830.753022,-0.015601844
847,0.599333333,8051.281966,-7665.193406,-0.017507755
848,0.6,9107.769763,-8721.681203,-0.019920835
849,0.600666667,9674.361383,-9288.272823,-0.021214964
850,0.601333333,10926.22893,-10540.14037,-0.024074303
851,0.602,-29401.06849,29787.15705,0.068035627
852,0.602666667,-3927.853986,4313.942546,0.0098533
853,0.604,-3567.728402,3953.816962,0.009030752
854,0.605333333,-6506.00349,6892.09205,0.015741945
855,0.606,-1965.244516,2351.333076,0.005370584
856,0.608,-1886.644863,2272.733423,0.005191057
857,0.61,-5142.787547,5528.876107,0.01262828
858,0.610666667,-4624.093991,5010.182551,0.011443553
859,0.611333333,-4200.990624,4587.079184,0.01047716
860,0.612,-3823.408823,4209.497383,0.009614741
861,0.612666667,-3338.440488,3724.529048,0.008507044
862,0.613333333,-3068.946022,3455.034582,0.007891503
863,0.614,-2822.293471,3208.382031,0.007328134
864,0.614666667,-2637.577831,3023.666391,0.006906233
865,0.615333333,-2272.813137,2658.901697,0.006073089
866,0.616,-2095.349351,2481.437911,0.005667751
867,0.616666667,-1951.130181,2337.218741,0.005338346
868,0.617333333,-1772.45894,2158.5475,0.00493025
869,0.618,-1577.82,1963.90856,0.004485683
870,0.618666667,-1436.466634,1822.555194,0.004162824
871,0.619333333,-1311.005923,1697.094483,0.003876264
872,0.62,-1187.417143,1573.505703,0.00359398
873,0.620666667,-1096.072023,1482.160583,0.003385342
874,0.621333333,-976.3728899,1362.46145,0.003111942
875,0.622,-876.4625333,1262.551093,0.002883741
876,0.622666667,-774.8172637,1160.905824,0.002651577
877,0.623333333,-757.1958332,1143.284393,0.002611329
878,0.624,-643.1602665,1029.248827,0.002350865
879,0.624666667,-591.6938506,977.7824106,0.002233313
880,0.625333333,-599.8756773,985.9642373,0.002252001
881,0.626,-559.589457,945.678017,0.002159984
882,0.626666667,-451.9663089,838.0548689,0.001914167
883,0.627333333,-451.8981957,837.9867557,0.001914011
884,0.628,-380.7672438,766.8558038,0.001751544
885,0.628666667,-387.4634077,773.5519677,0.001766838
886,0.629333333,-348.3962556,734.4848156,0.001677607
887,0.63,-301.0274489,687.1160089,0.001569414
888,0.630666667,-292.0933684,678.1819284,0.001549008
889,0.631333333,-260.7346859,646.8232459,0.001477383
890,0.632,-253.5328938,639.6214538,0.001460933
891,0.632666667,-288.0021388,674.0906988,0.001539663
892,0.633333333,-233.611244,619.699804,0.001415431
893,0.634,-299.3334826,685.4220426,0.001565544
894,0.634666667,-272.2993503,658.3879103,0.001503797
895,0.635333333,-217.2099002,603.2984602,0.001377969
896,0.636,-249.644196,635.732756,0.001452051
897,0.636666667,-228.203349,614.291909,0.001403079
898,0.637333333,-242.2158545,628.3044145,0.001435084
899,0.638,-242.1975498,628.2861098,0.001435043
900,0.638666667,-321.7287557,707.8173157,0.001616697
901,0.639333333,-377.3690122,763.4575722,0.001743782
902,0.64,-327.3592657,713.4478257,0.001629557
903,0.640666667,321.7165765,64.37198354,0.000147029
904,0.641333333,-47.87840717,433.9669672,0.000991206
905,0.642,-299.8277874,685.9163474,0.001566673
906,0.642666667,-260.9439328,647.0324928,0.00147786
907,0.643333333,-28.4403851,414.5289451,0.000946809
908,0.644,23.37579347,362.7127665,0.000828457
909,0.644666667,52.16305669,333.9255033,0.000762706
910,0.645333333,41.92413008,344.1644299,0.000786092
911,0.646,29.23995441,356.8486056,0.000815063
912,0.646666667,-13.89990627,399.9884663,0.000913597
913,0.647333333,45.66370445,340.4248556,0.00077755
914,0.648,103.8950878,282.1934722,0.000644547
915,0.648666667,89.27447712,296.8140829,0.000677941
916,0.649333333,21.28636198,364.802198,0.00083323
917,0.65,69.82313251,316.2654275,0.000722369
918,0.650666667,12.8101603,373.2783997,0.00085259
919,0.651333333,57.60594266,328.4826173,0.000750274
920,0.652,46.1749423,339.9136177,0.000776383
921,0.652666667,56.54412945,329.5444305,0.000752699
922,0.653333333,57.79407046,328.2944895,0.000749844
923,0.654,62.09788003,323.99068,0.000740014
924,0.654666667,73.45196609,312.6365939,0.00071408
925,0.655333333,106.9277445,279.1608155,0.00063762
926,0.656,58.64491932,327.4436407,0.000747901
927,0.656666667,63.96123779,322.1273222,0.000735758
928,0.657333333,97.71908111,288.3694789,0.000658653
929,0.658,57.92578094,328.1627791,0.000749543
930,0.658666667,95.39011498,290.698445,0.000663972
931,0.659333333,60.89379196,325.194768,0.000742764
932,0.66,83.93905402,302.149506,0.000690127
933,0.660666667,81.34345257,304.7451074,0.000696056
934,0.661333333,41.80856462,344.2799954,0.000786356
935,0.662,30.10536453,355.9831955,0.000813087
936,0.662666667,29.59345421,356.4951058,0.000814256
937,0.663333333,68.06315597,318.025404,0.000726389
938,0.664,34.12356029,351.9649997,0.000803909
939,0.664666667,46.86832274,339.2202373,0.000774799
940,0.665333333,-32.03041972,418.1189797,0.000955008
941,0.666,80.80321376,305.2853462,0.00069729
942,0.666666667,106.2665649,279.8219951,0.00063913
943,0.667333333,51.74910193,334.3394581,0.000763651
944,0.668,97.87061089,288.2179491,0.000658307
945,0.668666667,64.56410525,321.5244548,0.000734381
946,0.669333333,61.75179759,324.3367624,0.000740804
947,0.67,114.3503358,271.7382242,0.000620666
948,0.670666667,330.2223766,55.86618339,0.000127602
949,0.671333333,130.723592,255.364968,0.000583269
950,0.672,106.9291533,279.1594067,0.000637617
951,0.672666667,270.9641363,115.1244237,0.000262951
952,0.673333333,120.9404561,265.1481039,0.000605614
953,0.674,169.9700014,216.1185586,0.000493628
954,0.674666667,110.0133939,276.0751661,0.000630572
955,0.675333333,34.48650033,351.6020597,0.00080308
956,0.676,47.51445248,338.5741075,0.000773323
957,0.676666667,146.2905868,239.7979732,0.000547713
958,0.677333333,65.26782576,320.8207342,0.000732774
959,0.678,56.8104476,329.2781124,0.000752091
960,0.678666667,253.9235462,132.1650138,0.000301873
961,0.679333333,98.4488641,287.6396959,0.000656986
962,0.68,85.88040303,300.208157,0.000685693
963,0.680666667,264.149482,121.939078,0.000278516
964,0.681333333,228.5326052,157.5559548,0.000359867
965,0.682,357.6374693,28.45109066,6.50E-05
966,0.682666667,421.6873998,-35.59883976,-8.13E-05
967,0.683333333,441.4424747,-55.35391466,-0.000126432
968,0.684,469.1940823,-83.10552226,-0.000189818
969,0.684666667,574.0230768,-187.9345168,-0.000429254
970,0.685333333,555.5180379,-169.4294779,-0.000386987
971,0.686,606.3996029,-220.3110429,-0.000503203
972,0.686666667,623.7397165,-237.6511565,-0.000542809
973,0.687333333,677.0778808,-290.9893208,-0.000664637
974,0.688,762.059798,-375.971238,-0.000858741
975,0.688666667,593.4589768,-207.3704168,-0.000473646
976,0.689333333,561.7957356,-175.7071756,-0.000401326
977,0.69,380.2312907,5.857269342,1.34E-05
978,0.690666667,704.596929,-318.508369,-0.000727492
979,0.691333333,753.0929244,-367.0043644,-0.00083826
980,0.692,899.6516897,-513.5631297,-0.001173009
981,0.692666667,1005.644657,-619.5560968,-0.001415103
982,0.693333333,1047.509469,-661.4209093,-0.001510724
983,0.694,1218.824274,-832.7357145,-0.001902018
984,0.694666667,1319.689878,-933.6013178,-0.002132401
985,0.695333333,-31124.89574,31510.9843,0.07197295
986,0.696,1368.609723,-982.5211632,-0.002244136
987,0.696666667,1234.616393,-848.5278328,-0.001938088
988,0.697333333,1156.272374,-770.1838139,-0.001759145
989,0.698,1055.720738,-669.6321778,-0.001529479
990,0.698666667,972.955859,-586.867299,-0.00134044
991,0.699333333,1000.382606,-614.2940464,-0.001403084
992,0.7,1066.791795,-680.7032351,-0.001554766
993,0.700666667,760.4837414,-374.3951814,-0.000855141
994,0.701333333,894.2459508,-508.1573908,-0.001160662
995,0.702,924.9678698,-538.8793098,-0.001230832
996,0.702666667,666.981211,-280.892651,-0.000641575
997,0.703333333,1031.355646,-645.2670857,-0.001473828
998,0.704,631.7912943,-245.7027343,-0.0005612
999,0.704666667,605.2571366,-219.1685766,-0.000500594
1000,0.705333333,562.5221729,-176.4336129,-0.000402985
1001,0.706,551.0942005,-165.0056405,-0.000376883
1002,0.706666667,556.8791551,-170.7905951,-0.000390096
1003,0.707333333,568.760455,-182.671895,-0.000417233
1004,0.708,573.223743,-187.135183,-0.000427428
1005,0.708666667,599.7409025,-213.6523425,-0.000487995
1006,0.709333333,548.1442555,-162.0556955,-0.000370145
1007,0.71,688.0236497,-301.9350897,-0.000689638
1008,0.710666667,691.487252,-305.398692,-0.000697549
1009,0.711333333,720.8257868,-334.7372268,-0.00076456
1010,0.712,758.6280568,-372.5394968,-0.000850902
1011,0.712666667,772.7316975,-386.6431375,-0.000883116
1012,0.713333333,956.7183782,-570.6298182,-0.001303352
1013,0.714,859.4526687,-473.3641087,-0.001081192
1014,0.714666667,981.0874857,-594.9989257,-0.001359013
1015,0.715333333,1001.958482,-615.8699221,-0.001406683
1016,0.716,1121.003712,-734.9151519,-0.00167859
1017,0.716666667,1064.527642,-678.4390818,-0.001549595
1018,0.717333333,-29631.69202,30017.78058,0.068562384
1019,0.718,1034.317356,-648.2287963,-0.001480593
1020,0.718666667,957.9438152,-571.8552552,-0.001306151
1021,0.719333333,810.6886419,-424.6000819,-0.000969812
1022,0.72,711.1171938,-325.0286338,-0.000742385
1023,0.720666667,578.9720898,-192.8835298,-0.000440557
1024,0.721333333,553.0166882,-166.9281282,-0.000381274
1025,0.722,1562.361255,-1176.272695,-0.002686676
1026,0.722666667,775.650793,-389.562233,-0.000889783
1027,0.723333333,725.3239884,-339.2354284,-0.000774834
1028,0.724,753.7513769,-367.6628169,-0.000839764
1029,0.724666667,664.8253558,-278.7367958,-0.000636651
1030,0.725333333,651.859095,-265.770535,-0.000607036
1031,0.726,574.7578967,-188.6693367,-0.000430932
1032,0.726666667,547.7980163,-161.7094563,-0.000369354
1033,0.727333333,615.5786252,-229.4900652,-0.000524169
1034,0.728,504.8600162,-118.7714562,-0.000271281
1035,0.728666667,453.9000154,-67.81145543,-0.000154885
1036,0.729333333,436.9433033,-50.8547433,-0.000116155
1037,0.73,369.0031919,17.08536808,3.90E-05
1038,0.730666667,376.3114072,9.777152757,2.23E-05
1039,0.731333333,328.7662931,57.32226691,0.000130927
1040,0.732,330.5877263,55.50083367,0.000126767
1041,0.732666667,265.2459588,120.8426012,0.000276012
1042,0.733333333,322.5215777,63.56698234,0.000145191
1043,0.734,241.3587469,144.7298131,0.000330571
1044,0.734666667,278.2352484,107.8533116,0.000246343
1045,0.735333333,269.0190807,117.0694793,0.000267394
1046,0.736,250.6804476,135.4081124,0.00030928
1047,0.736666667,242.5791626,143.5093974,0.000327784
1048,0.737333333,245.8128937,140.2756663,0.000320398
1049,0.738,285.6516822,100.4368778,0.000229404
1050,0.738666667,190.9109681,195.1775919,0.000445797
1051,0.739333333,160.85651,225.23205,0.000514443
1052,0.74,203.5081558,182.5804042,0.000417024
1053,0.740666667,225.3956429,160.6929171,0.000367032
1054,0.741333333,202.9445797,183.1439803,0.000418312
1055,0.742,213.6165508,172.4720092,0.000393936
1056,0.742666667,160.2177496,225.8708104,0.000515902
1057,0.743333333,181.5665509,204.5220091,0.00046714
1058,0.744,215.5153997,170.5731603,0.000389599
1059,0.744666667,174.4699545,211.6186055,0.000483349
1060,0.745333333,212.0350878,174.0534722,0.000397548
1061,0.746,193.9069026,192.1816574,0.000438954
1062,0.746666667,251.3616039,134.7269561,0.000307724
1063,0.747333333,185.1728497,200.9157103,0.000458903
1064,0.748,282.6264264,103.4621336,0.000236314
1065,0.748666667,423.8270268,-37.73846679,-8.62E-05
1066,0.749333333,338.3240498,47.76451018,0.000109097
1067,0.75,341.0395855,45.04897452,0.000102895
1068,0.750666667,334.0089119,52.07964808,0.000118953
1069,0.751333333,385.7667404,0.321819558,7.35E-07
1070,0.752,484.2724401,-98.18388009,-0.000224258
1071,0.752666667,439.3547268,-53.26616677,-0.000121663
1072,0.753333333,451.5638943,-65.47533428,-0.00014955
1073,0.754,518.3646194,-132.2760594,-0.000302126
1074,0.754666667,550.1272036,-164.0386436,-0.000374674
1075,0.755333333,616.7439188,-230.6553588,-0.00052683
1076,0.756,613.3405391,-227.2519791,-0.000519057
1077,0.756666667,717.5459481,-331.4573881,-0.000757068
1078,0.757333333,772.442051,-386.353491,-0.000882454
1079,0.758,757.7362582,-371.6476982,-0.000848865
1080,0.758666667,1015.804747,-629.7161872,-0.001438309
1081,0.759333333,1105.974193,-719.8856332,-0.001644261
1082,0.76,1158.742144,-772.6535842,-0.001764786
1083,0.760666667,1299.774712,-913.6861519,-0.002086913
1084,0.761333333,1397.640038,-1011.551478,-0.002310443
1085,0.762,1520.048358,-1133.959798,-0.002590031
1086,0.762666667,1844.017663,-1457.929103,-0.003329996
1087,0.763333333,1971.329886,-1585.241326,-0.003620785
1088,0.764,2175.384328,-1789.295768,-0.004086857
1089,0.764666667,-24754.72354,25140.8121,0.0574231
1090,0.765333333,2235.170759,-1849.082199,-0.004223413
1091,0.766,2435.692557,-2049.603997,-0.004681417
1092,0.766666667,-24566.77236,24952.86092,0.056993809
1093,0.767333333,1778.710321,-1392.621761,-0.00318083
1094,0.768,1821.42335,-1435.33479,-0.003278389
1095,0.768666667,1646.950433,-1260.861873,-0.002879883
1096,0.769333333,1380.387139,-994.2985788,-0.002271037
1097,0.77,1369.17552,-983.08696,-0.002245429
1098,0.770666667,1249.154303,-863.0657431,-0.001971293
1099,0.771333333,1119.659764,-733.5712044,-0.00167552
1100,0.772,1028.467826,-642.3792659,-0.001467232
1101,0.772666667,918.3773798,-532.2888198,-0.001215779
1102,0.773333333,837.3592545,-451.2706945,-0.001030729
1103,0.774,826.9011617,-440.8126017,-0.001006842
1104,0.774666667,849.4757707,-463.3872107,-0.001058404
1105,0.775333333,731.3665128,-345.2779528,-0.000788635
1106,0.776,692.3952146,-306.3066546,-0.000699622
1107,0.776666667,679.0283111,-292.9397511,-0.000669092
1108,0.777333333,628.1673081,-242.0787481,-0.000552922
1109,0.778,684.4100367,-298.3214767,-0.000681384
1110,0.778666667,655.8923781,-269.8038181,-0.000616248
1111,0.779333333,624.7289732,-238.6404132,-0.000545069
1112,0.78,626.0151767,-239.9266167,-0.000548007
1113,0.780666667,648.5432439,-262.4546839,-0.000599462
1114,0.781333333,606.0146608,-219.9261008,-0.000502324
1115,0.782,671.0948103,-285.0062503,-0.000650971
1116,0.782666667,685.4594419,-299.3708819,-0.000683781
1117,0.783333333,708.2887605,-322.2002005,-0.000735924
1118,0.784,759.4144401,-373.3258801,-0.000852698
1119,0.784666667,793.7960335,-407.7074735,-0.000931228
1120,0.785333333,855.7841293,-469.6955693,-0.001072812
1121,0.786,825.7773921,-439.6888321,-0.001004275
1122,0.786666667,917.767422,-531.678862,-0.001214386
1123,0.787333333,1006.742296,-620.653736,-0.00141761
1124,0.788,1064.091344,-678.0027841,-0.001548598
1125,0.788666667,1321.730463,-935.6419035,-0.002137061
1126,0.789333333,1158.976725,-772.8881647,-0.001765322
1127,0.79,1280.787286,-894.6987263,-0.002043545
1128,0.790666667,1440.18173,-1054.09317,-0.002407611
1129,0.791333333,1663.085561,-1276.997001,-0.002916737
1130,0.792,1777.281128,-1391.192568,-0.003177566
1131,0.792666667,1835.95539,-1449.86683,-0.003311582
1132,0.793333333,2016.10508,-1630.01652,-0.003723054
1133,0.794,2321.505209,-1935.416649,-0.004420606
1134,0.794666667,2382.143209,-1996.054649,-0.004559107
1135,0.795333333,2580.457524,-2194.368964,-0.005012068
1136,0.796,2901.510419,-2515.421859,-0.005745372
1137,0.796666667,-20395.69684,20781.7854,0.047466826
1138,0.797333333,-19954.80109,20340.88965,0.046459794
1139,0.798,3203.406951,-2817.318391,-0.006434922
1140,0.798666667,2938.143236,-2552.054676,-0.005829044
1141,0.799333333,-19952.38936,20338.47792,0.046454285
1142,0.8,2690.932693,-2304.844133,-0.0052644
1143,0.800666667,2444.084952,-2057.996392,-0.004700585
1144,0.801333333,2285.323578,-1899.235018,-0.004337965
1145,0.802,2215.221359,-1829.132799,-0.004177847
1146,0.802666667,1999.325381,-1613.236821,-0.003684728
1147,0.803333333,2042.223196,-1656.134636,-0.003782709
1148,0.804,1989.777445,-1603.688885,-0.00366292
1149,0.804666667,1970.730867,-1584.642307,-0.003619417
1150,0.805333333,1903.878548,-1517.789988,-0.003466722
1151,0.806,-20668.92411,21055.01267,0.048090893
1152,0.806666667,1735.405347,-1349.316787,-0.003081919
1153,0.807333333,1554.695777,-1168.607217,-0.002669168
1154,0.808,1432.566907,-1046.478347,-0.002390218
1155,0.808666667,1678.898472,-1292.809912,-0.002952854
1156,0.809333333,1624.167099,-1238.078539,-0.002827845
1157,0.81,1470.826265,-1084.737705,-0.002477605
1158,0.810666667,1356.982361,-970.8938005,-0.002217579
1159,0.811333333,1231.524177,-845.4356168,-0.001931025
1160,0.812,1034.960839,-648.8722788,-0.001482063
1161,0.812666667,1012.100027,-626.0114669,-0.001429847
1162,0.813333333,1028.088943,-642.0003831,-0.001466367
1163,0.814,907.834212,-521.745652,-0.001191698
1164,0.814666667,843.6930751,-457.6045151,-0.001045196
1165,0.815333333,756.2439033,-370.1553433,-0.000845457
1166,0.816,718.3448155,-332.2562555,-0.000758893
1167,0.816666667,546.035892,-159.947332,-0.000365329
1168,0.817333333,565.097888,-179.009328,-0.000408868
1169,0.818,548.1639976,-162.0754376,-0.00037019
1170,0.818666667,473.5907866,-87.50222663,-0.00019986
1171,0.819333333,444.9089439,-58.82038393,-0.000134349
1172,0.82,393.1508618,-7.062301808,-1.61E-05
1173,0.820666667,353.2822849,32.8062751,7.49E-05
1174,0.821333333,341.4946676,44.59389238,0.000101855
1175,0.822,300.9974945,85.09106545,0.000194353
1176,0.822666667,320.2991213,65.7894387,0.000150267
1177,0.823333333,306.6616796,79.4268804,0.000181416
1178,0.824,277.0295833,109.0589767,0.000249097
1179,0.824666667,222.7039171,163.3846429,0.00037318
1180,0.825333333,225.8153543,160.2732057,0.000366073
1181,0.826,286.2500095,99.83855046,0.000228037
1182,0.826666667,261.4117083,124.6768517,0.000284769
1183,0.827333333,198.538585,187.549975,0.000428375
1184,0.828,207.6009342,178.4876258,0.000407676
1185,0.828666667,178.9549553,207.1336047,0.000473105
1186,0.829333333,174.9105637,211.1779963,0.000482343
1187,0.83,200.1643525,185.9242075,0.000424662
1188,0.830666667,219.2079918,166.8805682,0.000381165
1189,0.831333333,215.4295002,170.6590598,0.000389795
1190,0.832,195.9196975,190.1688625,0.000434357
1191,0.832666667,193.5275268,192.5610332,0.000439821
1192,0.833333333,211.8394788,174.2490812,0.000397995
1193,0.834,210.9267453,175.1618147,0.00040008
1194,0.834666667,254.4991506,131.5894094,0.000300558
1195,0.835333333,264.3325224,121.7560376,0.000278098
1196,0.836,284.5514483,101.5371117,0.000231917
1197,0.836666667,280.9299547,105.1586053,0.000240188
1198,0.837333333,335.7408712,50.34768876,0.000114997
1199,0.838,337.2538847,48.83467529,0.000111541
1200,0.838666667,393.2772777,-7.188717746,-1.64E-05
1201,0.839333333,448.2186575,-62.13009749,-0.000141909
1202,0.84,518.3829212,-132.2943612,-0.000302168
1203,0.840666667,500.5696227,-114.4810627,-0.000261482
1204,0.841333333,603.4275336,-217.3389736,-0.000496415
1205,0.842,652.092748,-266.004188,-0.000607569
1206,0.842666667,686.8232266,-300.7346666,-0.000686896
1207,0.843333333,714.8232673,-328.7347073,-0.000750849
1208,0.844,-18446.97056,18833.05912,0.04301582
1209,0.844666667,627.8023202,-241.7137602,-0.000552089
1210,0.845333333,563.5441827,-177.4556227,-0.000405319
1211,0.846,571.7954855,-185.7069255,-0.000424166
1212,0.846666667,512.5460727,-126.4575127,-0.000288836
1213,0.847333333,408.5729412,-22.48438125,-5.14E-05
1214,0.848,352.3029184,33.78564158,7.72E-05
1215,0.848666667,403.8057978,-17.71723777,-4.05E-05
1216,0.849333333,348.239551,37.849009,8.64E-05
1217,0.85,314.3543047,71.73425533,0.000163845
1218,0.850666667,336.6685657,49.41999431,0.000112878
1219,0.851333333,290.0551412,96.03341884,0.000219346
1220,0.852,252.7615086,133.3270514,0.000304527
1221,0.852666667,222.7392292,163.3493308,0.0003731
1222,0.853333333,233.3861994,152.7023606,0.000348781
1223,0.854,213.6310606,172.4574994,0.000393903
1224,0.854666667,170.197875,215.890685,0.000493107
1225,0.855333333,172.1602642,213.9282958,0.000488625
1226,0.856,192.9723491,193.1162109,0.000441089
1227,0.856666667,194.4912932,191.5972668,0.000437619
1228,0.857333333,155.792089,230.296471,0.000526011
1229,0.858,212.7494691,173.3390909,0.000395917
1230,0.858666667,190.0053438,196.0832162,0.000447866
1231,0.859333333,165.4950002,220.5935598,0.000503849
1232,0.86,165.7336788,220.3548812,0.000503304
1233,0.860666667,153.710918,232.377642,0.000530764
1234,0.861333333,185.7799721,200.3085879,0.000457517
1235,0.862,198.6026378,187.4859222,0.000428229
1236,0.862666667,146.6873244,239.4012356,0.000546807
1237,0.863333333,157.0332766,229.0552834,0.000523176
1238,0.864,131.9826162,254.1059438,0.000580393
1239,0.864666667,111.3325588,274.7560012,0.000627559
1240,0.865333333,119.3932773,266.6952827,0.000609148
1241,0.866,96.42121113,289.6673489,0.000661617
1242,0.866666667,177.631981,208.456579,0.000476127
1243,0.867333333,41.37584119,344.7127188,0.000787344
1244,0.868,230.7915743,155.2969857,0.000354707
1245,0.868666667,262.3052293,123.7833307,0.000282728
1246,0.869333333,224.921236,161.167324,0.000368116
1247,0.87,196.8991925,189.1893675,0.00043212
1248,0.870666667,186.3988572,199.6897028,0.000456103
1249,0.871333333,165.9209908,220.1675692,0.000502876
1250,0.872,238.0997281,147.9888319,0.000338015
1251,0.872666667,178.3469336,207.7416264,0.000474494
1252,0.873333333,226.8892243,159.1993357,0.000363621
1253,0.874,262.8691449,123.2194151,0.00028144
1254,0.874666667,237.9225141,148.1660459,0.00033842
1255,0.875333333,334.6277816,51.46077836,0.000117539
1256,0.876,174.8611695,211.2273905,0.000482456
1257,0.876666667,271.8445104,114.2440496,0.00026094
1258,0.877333333,470.3328441,-84.24428413,-0.000192419
1259,0.878,213.3356676,172.7528924,0.000394578
1260,0.878666667,294.8584023,91.23015773,0.000208375
1261,0.879333333,436.4996758,-50.41111576,-0.000115142
1262,0.88,485.3420782,-99.25351817,-0.000226701
1263,0.880666667,550.6434803,-164.5549203,-0.000375853
1264,0.881333333,730.7831262,-344.6945662,-0.000787303
1265,0.882,1146.913138,-760.824578,-0.001737768
1266,0.882666667,501.2361384,-115.1475784,-0.000263004
1267,0.883333333,1321.592014,-935.5034539,-0.002136745
1268,0.884,783.5141871,-397.4256271,-0.000907744
1269,0.884666667,-15497.73558,15883.82414,0.036279593
1270,0.885333333,936.0842438,-549.9956838,-0.001256223
1271,0.886,773.8963833,-387.8078233,-0.000885776
1272,0.886666667,107.5509341,278.5376259,0.000636196
1273,0.887333333,230.1812313,155.9073287,0.000356102
1274,0.888,102.6866141,283.4019459,0.000647307
1275,0.888666667,151.2673057,234.8212543,0.000536346
1276,0.889333333,150.8086065,235.2799535,0.000537393
1277,0.89,134.0319406,252.0566194,0.000575712
1278,0.890666667,161.4638907,224.6246693,0.000513056
1279,0.891333333,110.4151566,275.6734034,0.000629654
1280,0.892,62.31619214,323.7723679,0.000739515
1281,0.892666667,400.167313,-14.07875295,-3.22E-05
1282,0.893333333,317.3634058,68.72515423,0.000156972
1283,0.894,242.939283,143.149277,0.000326961
1284,0.894666667,263.182464,122.906096,0.000280725
1285,0.895333333,154.598166,231.490394,0.000528738
1286,0.896,223.5901392,162.4984208,0.000371156
1287,0.896666667,140.4529167,245.6356433,0.000561046
1288,0.897333333,146.1147954,239.9737646,0.000548114
1289,0.898,149.9802968,236.1082632,0.000539285
1290,0.898666667,95.25789503,290.830665,0.000664274
1291,0.899333333,112.3268933,273.7616667,0.000625288
1292,0.9,129.2311866,256.8573734,0.000586677
1293,0.900666667,77.88471479,308.2038452,0.000703956
1294,0.901333333,71.70095772,314.3876023,0.00071808
1295,0.902,85.77351697,300.315043,0.000685937
1296,0.902666667,63.62569777,322.4628622,0.000736524
1297,0.903333333,72.25247519,313.8360848,0.00071682
1298,0.904,81.57006443,304.5184956,0.000695538
1299,0.904666667,50.77818685,335.3103732,0.000765869
1300,0.905333333,37.70302669,348.3855333,0.000795733
1301,0.906,14.2343477,371.8542123,0.000849337
1302,0.906666667,17.95392799,368.134632,0.000840841
1303,0.907333333,-20.00172278,406.0902828,0.000927534
1304,0.908,-44.02962538,430.1181854,0.000982415
1305,0.908666667,14.26715876,371.8214012,0.000849262
1306,0.909333333,2.609598912,383.4789611,0.000875889
1307,0.91,-3.825277155,389.9138372,0.000890586
1308,0.910666667,-23.0746741,409.1632341,0.000934553
1309,0.911333333,1.463804374,384.6247556,0.000878506
1310,0.912,-33.2128266,419.3013866,0.000957709
1311,0.912666667,-79.49890769,465.5874677,0.001063429
1312,0.913333333,-35.5195921,421.6081521,0.000962978
1313,0.914,-45.40256454,431.4911245,0.000985551
1314,0.914666667,-65.3831127,451.4716727,0.001031188
1315,0.915333333,-63.33103953,449.4195995,0.001026501
1316,0.916,-84.37880107,470.4673611,0.001074575
1317,0.916666667,-74.82862928,460.9171893,0.001052762
1318,0.917333333,-95.87010364,481.9586636,0.001100822
1319,0.918,-91.03857519,477.1271352,0.001089787
1320,0.918666667,-123.0660546,509.1546146,0.001162939
1321,0.919333333,-109.2867333,495.3752933,0.001131466
1322,0.92,-118.655992,504.744552,0.001152866
1323,0.920666667,-178.7338346,564.8223946,0.001290088
1324,0.921333333,-171.6347988,557.7233588,0.001273873
1325,0.922,-120.8282028,506.9167628,0.001157828
1326,0.922666667,17.39891373,368.6896463,0.000842109
1327,0.923333333,-211.6475981,597.7361581,0.001365265
1328,0.924,-130.0592715,516.1478315,0.001178912
1329,0.924666667,-78.34348029,464.4320403,0.00106079
1330,0.925333333,-113.2968979,499.3854579,0.001140626
1331,0.926,-71.77863619,457.8671962,0.001045796
1332,0.926666667,-71.27363994,457.3621999,0.001044642
1333,0.927333333,-67.39669092,453.4852509,0.001035787
1334,0.928,-73.1970366,459.2855966,0.001049035
1335,0.928666667,-27.72499107,413.8135511,0.000945175
1336,0.929333333,-29.27497717,415.3635372,0.000948715
1337,0.93,-9.551801708,395.6403617,0.000903666
1338,0.930666667,6.933457463,379.1551025,0.000866013
1339,0.931333333,19.49810689,366.5904531,0.000837314
1340,0.932,19.47841566,366.6101443,0.000837359
1341,0.932666667,-14.84485776,400.9334178,0.000915756
1342,0.933333333,29.18283542,356.9057246,0.000815194
1343,0.934,26.62972318,359.4588368,0.000821025
1344,0.934666667,-34.6991726,420.7877326,0.000961104
1345,0.935333333,42.02112588,344.0674341,0.00078587
1346,0.936,57.63125085,328.4573091,0.000750216
1347,0.936666667,48.28094942,337.8076106,0.000771573
1348,0.937333333,28.62219557,357.4663644,0.000816474
1349,0.938,29.88607749,356.2024825,0.000813588
1350,0.938666667,29.50344033,356.5851197,0.000814461
1351,0.939333333,36.28819266,349.8003673,0.000798965
1352,0.94,75.01025344,311.0783066,0.000710521
1353,0.940666667,77.40493153,308.6836285,0.000705052
1354,0.941333333,43.676207,342.412353,0.00078209
1355,0.942,52.45102671,333.6375333,0.000762048
1356,0.942666667,31.01960061,355.0689594,0.000810998
1357,0.943333333,87.56139999,298.52716,0.000681854
1358,0.944,31.46158888,354.6269711,0.000809989
1359,0.944666667,159.3803111,226.7082489,0.000517815
1360,0.945333333,110.9877957,275.1007643,0.000628346
1361,0.946,128.2446191,257.8439409,0.000588931
1362,0.946666667,83.6166426,302.4719174,0.000690864
1363,0.947333333,11.55609319,374.5324668,0.000855454
1364,0.948,132.415787,253.672773,0.000579404
1365,0.948666667,133.1830219,252.9055381,0.000577651
1366,0.949333333,101.8659328,284.2226272,0.000649181
1367,0.95,116.1706267,269.9179333,0.000616509
1368,0.950666667,153.1791112,232.9094488,0.000531979
1369,0.951333333,119.1321654,266.9563946,0.000609744
1370,0.952,197.9249506,188.1636094,0.000429777
1371,0.952666667,101.4121676,284.6763924,0.000650218
1372,0.953333333,150.2038392,235.8847208,0.000538775
1373,0.954,189.7259829,196.3625771,0.000448504
1374,0.954666667,186.422964,199.665596,0.000456048
1375,0.955333333,99.91806736,286.1704926,0.00065363
1376,0.956,19.28866315,366.7998968,0.000837793
1377,0.956666667,-11.52646316,397.6150232,0.000908176
1378,0.957333333,22.1848512,363.9037088,0.000831178
1379,0.958,26.43101293,359.6575471,0.000821479
1380,0.958666667,117.8318507,268.2567093,0.000612714
1381,0.959333333,45.44922667,340.6393333,0.00077804
1382,0.96,133.3332293,252.7553307,0.000577308
1383,0.960666667,134.618699,251.469861,0.000574372
1384,0.961333333,99.7180013,286.3705587,0.000654087
1385,0.962,88.80203981,297.2865202,0.00067902
1386,0.962666667,285.132959,100.955601,0.000230589
1387,0.963333333,62.01335125,324.0752088,0.000740207
1388,0.964,67.16252036,318.9260396,0.000728446
1389,0.964666667,119.8710869,266.2174731,0.000608056
1390,0.965333333,77.67097177,308.4175882,0.000704444
1391,0.966,92.38811748,293.7004425,0.000670829
1392,0.966666667,103.8726663,282.2158937,0.000644598
1393,0.967333333,104.383576,281.704984,0.000643431
1394,0.968,27.15680478,358.9317552,0.000819821
1395,0.968666667,378.7180361,7.37052391,1.68E-05
1396,0.969333333,29.93126305,356.157297,0.000813484
1397,0.97,-56.34590951,442.4344695,0.001010546
1398,0.970666667,-112.6241833,498.7127433,0.001139089
1399,0.971333333,23.16367076,362.9248892,0.000828942
1400,0.972,238.3742801,147.7142799,0.000337388
1401,0.972666667,-72.11496303,458.203523,0.001046564
1402,0.973333333,-20.32291244,406.4114724,0.000928268
1403,0.974,-72.85987402,458.948434,0.001048265
1404,0.974666667,-55.17930481,441.2678648,0.001007882
1405,0.975333333,-123.4932619,509.5818219,0.001163915
1406,0.976,-40.9764221,427.0649821,0.000975442
1407,0.976666667,-81.35916229,467.4477223,0.001067678
1408,0.977333333,-77.0495683,463.1381283,0.001057835
1409,0.978,-24.98865724,411.0772172,0.000938925
1410,0.978666667,-110.1053815,496.1939415,0.001133336
1411,0.979333333,-86.90829043,472.9968504,0.001080353
1412,0.98,-84.10438166,470.1929417,0.001073948
1413,0.980666667,-170.4437679,556.5323279,0.001271153
1414,0.981333333,-148.4448306,534.5333906,0.001220906
1415,0.982,-69.32386446,455.4124245,0.001040189
1416,0.982666667,-73.98356669,460.0721267,0.001050832
1417,0.983333333,-67.0459069,453.1344669,0.001034986
1418,0.984,-44.79988659,430.8884466,0.000984175
1419,0.984666667,2.217995772,383.8705642,0.000876783
1420,0.985333333,-81.44367162,467.5322316,0.001067871
1421,0.986,-25.16609085,411.2546508,0.00093933
1422,0.986666667,-33.7654535,419.8540135,0.000958971
1423,0.987333333,63.42329916,322.6652608,0.000736987
1424,0.988,57.51309527,328.5754647,0.000750486
1425,0.988666667,96.51131735,289.5772426,0.000661412
1426,0.989333333,122.685908,263.402652,0.000601627
1427,0.99,116.5094076,269.5791524,0.000615735
1428,0.990666667,125.3270972,260.7614628,0.000595595
1429,0.991333333,144.0191389,242.0694211,0.000552901
1430,0.992,59.42544665,326.6631133,0.000746118
1431,0.992666667,12.23730487,373.8512551,0.000853898
1432,0.993333333,-5811.301022,6197.389582,0.014155204
1433,0.994,59.57890611,326.5096539,0.000745767
1434,0.994666667,52.12168338,333.9668766,0.0007628
1435,0.995333333,27.14413014,358.9444299,0.00081985
1436,0.996,46.44696111,339.6415989,0.000775761
1437,0.996666667,17.93588418,368.1526758,0.000840882
1438,0.997333333,31.89938634,354.1891737,0.000808989
1439,0.998,18.22836738,367.8601926,0.000840214
1440,0.998666667,-20.11920602,406.207766,0.000927803
1441,0.999333333,30.31619191,355.7723681,0.000812605
1442,1,35.12352921,350.9650308,0.000801625
1443,1.000666667,38.17946117,347.9090988,0.000794645
1444,1.001333333,37.78856029,348.2999997,0.000795538
1445,1.002,-10.61579275,396.7043527,0.000906096
1446,1.002666667,38.36166194,347.7268981,0.000794229
1447,1.003333333,46.74956018,339.3389998,0.00077507
1448,1.004,57.87909374,328.2094663,0.00074965
1449,1.004666667,33.45947384,352.6290862,0.000805426
1450,1.005333333,80.47776594,305.6107941,0.000698033
1451,1.006,51.88438381,334.2041762,0.000763342
1452,1.006666667,60.75030123,325.3382588,0.000743092
1453,1.007333333,29.09640641,356.9921536,0.000815391
1454,1.008,22.58552854,363.5030315,0.000830262
1455,1.008666667,77.41156301,308.676997,0.000705036
1456,1.009333333,110.8098417,275.2787183,0.000628753
1457,1.01,-7.253706626,393.3422666,0.000898417
1458,1.010666667,69.62283583,316.4657242,0.000722826
1459,1.011333333,21.29121818,364.7973418,0.000833219
1460,1.012,115.3943703,270.6941897,0.000618282
1461,1.012666667,98.03881834,288.0497417,0.000657923
1462,1.013333333,127.294229,258.794331,0.000591102
1463,1.014,143.3341519,242.7544081,0.000554465
1464,1.014666667,119.8204847,266.2680753,0.000608172
1465,1.015333333,118.587387,267.501173,0.000610988
1466,1.016,150.4478208,235.6407392,0.000538217
1467,1.016666667,111.116759,274.971801,0.000628052
1468,1.017333333,105.268063,280.820497,0.000641411
1469,1.018,18.35526833,367.7332917,0.000839925
1470,1.018666667,76.53656514,309.5519949,0.000707035
1471,1.019333333,94.167833,291.920727,0.000666764
1472,1.02,125.5483234,260.5402366,0.000595089
1473,1.020666667,127.2892297,258.7993303,0.000591113
1474,1.021333333,92.34220322,293.7463568,0.000670934
1475,1.022,84.45534597,301.633214,0.000688948
1476,1.022666667,141.0567607,245.0317993,0.000559667
1477,1.023333333,135.6454474,250.4431126,0.000572027
1478,1.024,165.3460077,220.7425523,0.000504189
1479,1.024666667,107.3375354,278.7510246,0.000636684
1480,1.025333333,104.6687734,281.4197866,0.000642779
1481,1.026,45.0110123,341.0775477,0.000779041
1482,1.026666667,84.00595163,302.0826084,0.000689975
1483,1.027333333,143.3983569,242.6902031,0.000554319
1484,1.028,73.87844513,312.2101149,0.000713106
1485,1.028666667,184.1373096,201.9512504,0.000461269
1486,1.029333333,114.1321758,271.9563842,0.000621164
1487,1.03,112.52083,273.56773,0.000624845
1488,1.030666667,167.1573097,218.9312503,0.000500052
1489,1.031333333,184.3802363,201.7083237,0.000460714
1490,1.032,166.5033475,219.5852125,0.000501546
1491,1.032666667,158.1518198,227.9367402,0.000520621
1492,1.033333333,231.3095411,154.7790189,0.000353524
1493,1.034,221.6997684,164.3887916,0.000375474
1494,1.034666667,160.6034913,225.4850687,0.000515021
1495,1.035333333,167.4375089,218.6510511,0.000499412
1496,1.036,133.5463871,252.5421729,0.000576821
1497,1.036666667,174.9938862,211.0946738,0.000482153
1498,1.037333333,234.921323,151.167237,0.000345275
1499,1.038,118.1532281,267.9353319,0.00061198
1500,1.038666667,213.8318649,172.2566951,0.000393444
1501,1.039333333,113.8148133,272.2737467,0.000621889
1502,1.04,91.67494842,294.4136116,0.000672458
1503,1.040666667,194.3909137,191.6976463,0.000437849
1504,1.041333333,114.5129249,271.5756351,0.000620295
1505,1.042,104.2280677,281.8604923,0.000643786
1506,1.042666667,119.1239145,266.9646455,0.000609763
1507,1.043333333,97.81575951,288.2728005,0.000658432
1508,1.044,47.44948815,338.6390719,0.000773472
1509,1.044666667,0.175737641,385.9128224,0.000881448
1510,1.045333333,5.148914843,380.9396452,0.000870089
1511,1.046,-28.51643405,414.6049941,0.000946982
1512,1.046666667,11.02937005,375.05919,0.000856657