,tCont,vYSmooth
0,0.002,0.0
1,0.0073333333333333,804.434258557818
2,0.008,811.9674642994335
3,0.0093333333333333,759.9383565345511
4,0.0113333333333333,714.856833230189
5,0.012,698.397369906649
6,0.0133333333333333,621.2020769872845
7,0.0153333333333333,583.1072580292847
8,0.022,528.0173750959103
9,0.0266666666666666,477.67597700641693
10,0.0273333333333333,431.65222403287464
11,0.0286666666666666,389.5809610463314
12,0.0293333333333333,350.9286585695567
13,0.03,315.3455472779648
14,0.0306666666666666,282.82144592408156
15,0.0313333333333333,252.34614835622006
16,0.032,224.81696991384771
17,0.0326666666666666,199.40529055079762
18,0.0333333333333333,175.42470686789025
19,0.0339999999999999,153.02439145743844
20,0.0373333333333333,131.6044741772812
21,0.0386666666666666,111.52715951945586
22,0.04,92.17064688092375
23,0.0406666666666666,73.69581743980825
24,0.0413333333333333,122.35353884824185
25,0.0446666666666666,105.56264206587691
26,0.0453333333333333,103.0221816353472
27,0.046,101.34285615180673
28,0.0466666666666666,100.61240812740144
29,0.0473333333333333,100.70861517099445
30,0.048,101.5717669222232
31,0.0486666666666666,36.882107107341476
32,0.0493333333333333,39.05135788462149
33,0.0499999999999999,-24.738561432578763
34,0.0506666666666666,-22.44272093964379
35,0.0513333333333333,-20.354558208328463
36,0.052,-18.499838230090354
37,0.0526666666666666,-16.735509701349088
38,0.0533333333333333,-15.059417570146397
39,0.054,-13.609784075172554
40,0.0546666666666666,-12.346026025104631
41,0.0553333333333333,-11.314902468738369
42,0.056,-10.34829046607879
43,0.0566666666666666,-9.387384046623325
44,0.0573333333333333,-8.57235489894087
45,0.0579999999999999,-7.8271891165219785
46,0.0586666666666666,-6.99858370196903
47,0.0593333333333333,-6.272497937050328
48,0.06,-5.608114525391251
49,0.0606666666666666,-4.990898481924075
50,0.0613333333333333,-4.460272226988433
51,0.062,-3.9824371842264243
52,0.0626666666666666,-3.5426125198022627
53,0.0633333333333333,-3.0929008507070743
54,0.064,-2.752615780372372
55,0.0646666666666666,-2.415394055756702
56,0.0653333333333333,-2.0549377357818748
57,0.066,-1.7752256025146531
58,0.0666666666666666,-1.4558368753261939
59,0.0673333333333333,-1.2864299395066519
60,0.0679999999999999,-1.0642734740795634
61,0.0686666666666666,-0.9258672232303562
62,0.0693333333333333,-0.8213780345160754
63,0.0699999999999999,-0.6873391601760401
64,0.0706666666666666,-0.5703065977532978
65,0.0713333333333333,-0.44900077435511054
66,0.072,-0.3465404951270472
67,0.0726666666666666,-0.3352112896751921
68,0.0733333333333333,-0.21214671990022804
69,0.074,-0.05518364551586688
70,0.0746666666666666,-0.01209030057078362
71,0.0753333333333333,0.027549718729709394
72,0.076,0.0725832524390774
73,0.0766666666666666,0.14958852754685995
74,0.0773333333333333,0.18550405776132595
75,0.078,0.2844111070701036
76,0.0786666666666666,0.32835054463597263
77,0.0793333333333333,0.4450314400515716
78,0.08,0.4809219690898706
79,0.0806666666666666,0.5543485999576421
80,0.0813333333333333,0.5917603017577434
81,0.082,0.6810516083281049
82,0.0826666666666666,0.7575167610872875
83,0.0833333333333333,0.8289328780660054
84,0.0839999999999999,0.8736218810291065
85,0.0846666666666666,0.9368362273509142
86,0.0853333333333333,1.0185477323482741
87,0.086,1.072729005453006
88,0.0866666666666666,1.0578349205546937
89,0.0873333333333333,1.1209508095513658
90,0.088,1.2006842349447169
91,0.0886666666666666,1.2692800974442697
92,0.0893333333333333,1.327581683350727
93,0.09,1.3992791041998212
94,0.0906666666666666,1.4580470114740192
95,0.0913333333333333,1.50204782006193
96,0.092,1.516096414270268
97,0.0926666666666666,1.5248853546463703
98,0.0933333333333333,1.5615330532533542
99,0.094,1.6507906181414969
100,0.0946666666666666,1.672555957772605
101,0.0953333333333333,1.69136840617198
102,0.096,1.7362791715849337
103,0.0966666666666666,1.7461542573882245
104,0.0973333333333333,1.7587547614915284
105,0.0979999999999999,1.7420892979349525
106,0.0986666666666666,1.7925747766553775
107,0.0993333333333333,1.848519702474588
108,0.0999999999999999,1.9060463522316713
109,0.1006666666666666,1.9504916708678206
110,0.1013333333333333,1.962863825506749
111,0.102,1.978497545438276
112,0.1026666666666666,1.984908420082337
113,0.1033333333333333,2.0518817523674944
114,0.104,2.0956448284989126
115,0.1046666666666666,2.1264658527859193
116,0.1053333333333333,2.194941087280349
117,0.106,2.269259391337525
118,0.1066666666666666,2.3146306136569748
119,0.1073333333333333,2.3509140561618094
120,0.108,2.379141066816389
121,0.1086666666666666,2.423129724895192
122,0.1093333333333333,2.458891388526004
123,0.11,2.5123135891799175
124,0.1106666666666666,2.563842565124122
125,0.1113333333333333,2.6273040819944082
126,0.112,2.6384571089180775
127,0.1126666666666666,2.679785991490711
128,0.1133333333333333,2.7266299393350257
129,0.1139999999999999,2.760186777458553
130,0.1146666666666666,2.802217452951276
131,0.1153333333333333,2.8132029896190742
132,0.1159999999999999,2.844344472486657
133,0.1166666666666666,2.9377268974950512
134,0.1173333333333333,2.9686861692684063
135,0.118,2.9878493541750424
136,0.1186666666666666,2.9843393595693044
137,0.1193333333333333,3.060401236963978
138,0.12,3.0770848611724837
139,0.1206666666666666,3.094977676148755
140,0.1213333333333333,3.1092826457096288
141,0.122,3.1936241864256387
142,0.1226666666666666,3.176032058885037
143,0.1233333333333333,3.210402449778579
144,0.124,3.2810518398410995
145,0.1246666666666666,3.309490471623938
146,0.1253333333333333,3.2655535828216693
147,0.126,3.292368842097314
148,0.1266666666666666,3.353197915306082
149,0.1273333333333333,3.37908996088419
150,0.128,3.374156713220245
151,0.1286666666666666,3.378910637632997
152,0.1293333333333333,3.395693449801047
153,0.13,3.4220755992544896
154,0.1306666666666666,3.460319391442532
155,0.1313333333333333,3.4826417511314576
156,0.132,3.4981656590262475
157,0.1326666666666666,3.5262453105073037
158,0.1333333333333333,3.5414486610091167
159,0.134,3.5753619417787377
160,0.1346666666666666,3.6001419886303276
161,0.1353333333333333,3.6182892157080775
162,0.1359999999999999,3.65226201183743
163,0.1366666666666666,3.654527773113718
164,0.1373333333333333,3.681483048767584
165,0.1379999999999999,3.7262751703192225
166,0.1386666666666666,3.749284595353801
167,0.1393333333333333,3.7805622746634358
168,0.1399999999999999,3.7617103967540064
169,0.1406666666666666,3.7789174059151183
170,0.1413333333333333,3.804526344245337
171,0.142,3.810571167760315
172,0.1426666666666666,3.8017860642649945
173,0.1433333333333333,3.8385170128413466
174,0.144,3.8782126153267287
175,0.1446666666666666,3.8953912359643095
176,0.1453333333333333,3.9284227655429507
177,0.146,3.9578545477196103
178,0.1466666666666666,4.0030675558751865
179,0.1473333333333333,4.072504828451484
180,0.148,4.100797979673664
181,0.1486666666666666,4.114405822325948
182,0.1493333333333333,4.140524912609268
183,0.15,4.158030624231316
184,0.1506666666666666,4.176479772360119
185,0.1513333333333333,4.208964604010228
186,0.152,4.2339545357365695
187,0.1526666666666666,4.256370730510494
188,0.1533333333333333,4.302816316531253
189,0.154,4.307983712794963
190,0.1546666666666666,4.317565693186719
191,0.1553333333333333,4.322151261185559
192,0.156,4.343837736250403
193,0.1566666666666666,4.34330943697666
194,0.1573333333333333,4.3892609449135405
195,0.158,4.427080140038727
196,0.1586666666666666,4.420165729458935
197,0.1593333333333333,4.431266449970637
198,0.16,4.446487617299167
199,0.1606666666666666,4.4619198680381285
200,0.1613333333333333,4.479627721106275
201,0.162,4.497340707856274
202,0.1626666666666666,4.530295579763603
203,0.1633333333333333,4.552406973430547
204,0.164,4.578892950390594
205,0.1646666666666666,4.615380266394392
206,0.1653333333333333,4.638289951786701
207,0.1659999999999999,4.654712316203102
208,0.1666666666666666,4.674350670872064
209,0.1673333333333333,4.683811146361593
210,0.1679999999999999,4.714367314685467
211,0.1686666666666666,4.7281658892748535
212,0.1693333333333333,4.740415148487588
213,0.1699999999999999,4.749501560174409
214,0.1706666666666666,4.769194067873012
215,0.1713333333333333,4.789400729195413
216,0.172,4.806186950541268
217,0.1726666666666666,4.834961036754007
218,0.1733333333333333,4.837574953114177
219,0.174,4.840849712509409
220,0.1746666666666666,4.86023586397665
221,0.1753333333333333,4.871095988653027
222,0.176,4.873920554558827
223,0.1766666666666666,4.903646292601653
224,0.1773333333333333,4.905091074694882
225,0.178,4.946414044166662
226,0.1786666666666666,4.967848373306211
227,0.1793333333333333,4.965602271063567
228,0.18,5.003546699123777
229,0.1806666666666666,5.021246769552519
230,0.1813333333333333,5.054001127771246
231,0.182,5.068470249039088
232,0.1826666666666666,5.108834800241151
233,0.1833333333333333,5.137768948721309
234,0.184,5.147266411752412
235,0.1846666666666666,5.17705612429593
236,0.1853333333333333,5.192836936410008
237,0.186,5.194147005011838
238,0.1866666666666666,5.212584342795251
239,0.1873333333333333,5.251092689602784
240,0.188,5.2794670015981895
241,0.1886666666666666,5.292581866797192
242,0.1893333333333333,5.298176754533445
243,0.19,5.31159303060689
244,0.1906666666666666,5.336277373814197
245,0.1913333333333333,5.352361217536217
246,0.192,5.363047518728516
247,0.1926666666666666,5.371371571533468
248,0.1933333333333333,5.4311679596321225
249,0.194,5.443886898094278
250,0.1946666666666666,5.445912242131718
251,0.1953333333333333,5.4335460943524865
252,0.1959999999999999,5.42327050430573
253,0.1966666666666666,5.448080866284297
254,0.1973333333333333,5.455376594304054
255,0.1979999999999999,5.448198784029731
256,0.1986666666666666,5.445008565301904
257,0.1993333333333333,5.447755218400565
258,0.1999999999999999,5.486548032753163
259,0.2006666666666666,5.50591318226308
260,0.2013333333333333,5.518267897611855
261,0.2019999999999999,5.509006669730058
262,0.2026666666666666,5.520197145491552
263,0.2033333333333333,5.523489720269503
264,0.204,5.556112443374609
265,0.2046666666666666,5.551825070743035
266,0.2053333333333333,5.561850433410012
267,0.206,5.550315955226706
268,0.2066666666666666,5.52623246822345
269,0.2073333333333333,5.52085120273718
270,0.208,5.547126788291611
271,0.2086666666666666,5.565713901262691
272,0.2093333333333333,5.5727005333697885
273,0.21,5.609957665192985
274,0.2106666666666666,5.652794194903069
275,0.2113333333333333,5.658422718833338
276,0.212,5.713525224570755
277,0.2126666666666666,5.739386730736295
278,0.2133333333333333,5.795172673685734
279,0.214,5.8406166965772535
280,0.2146666666666666,5.921179060570488
281,0.2153333333333333,5.975147162146448
282,0.216,6.0077135249798275
283,0.2166666666666666,6.0590765220624405
284,0.2173333333333333,6.151585554920029
285,0.218,6.237457837721853
286,0.2186666666666666,6.3281619058275815
287,0.2193333333333333,6.468178570337464
288,0.22,6.582877942169599
289,0.2206666666666666,6.7783885673489355
290,0.2213333333333333,6.9330499128704846
291,0.222,7.070508455074914
292,0.2226666666666666,7.245597140696795
293,0.2233333333333333,7.440317076897198
294,0.224,7.6292482646168285
295,0.2246666666666666,7.895261400096915
296,0.2253333333333333,8.160831944635387
297,0.2259999999999999,8.502791627829142
298,0.2266666666666666,8.865708535587904
299,0.2273333333333333,9.252798245643033
300,0.2279999999999999,9.640085776322529
301,0.2286666666666666,10.083696477517975
302,0.2293333333333333,10.557115144429302
303,0.2299999999999999,11.099572130477407
304,0.2306666666666666,11.729211893660008
305,0.2313333333333333,12.413854142895566
306,0.2319999999999999,13.16509971482368
307,0.2326666666666666,14.001557503307522
308,0.2333333333333333,14.91611578316757
309,0.2339999999999999,16.03657782852583
310,0.2346666666666666,17.150307728668196
311,0.2353333333333333,18.359324272880297
312,0.236,19.818227229597387
313,0.2366666666666666,21.19077603222314
314,0.2373333333333333,22.74734434752025
315,0.238,24.38886550373582
316,0.2386666666666666,26.27462402120132
317,0.2393333333333333,28.306246569713576
318,0.24,30.512313108959702
319,0.2406666666666666,32.77211156832882
320,0.2413333333333333,-21.824792927419473
321,0.242,-19.538501470007393
322,0.2426666666666666,-17.49144771463763
323,0.2433333333333333,-15.620144243948637
324,0.244,-13.763544232557482
325,0.2446666666666666,-12.060703058498843
326,0.2453333333333333,-10.48259024932021
327,0.246,-9.069979488042193
328,0.2466666666666666,-7.755330069103575
329,0.2473333333333333,-6.570331044645539
330,0.248,-5.485732573136676
331,0.2486666666666666,-4.455394088951083
332,0.2493333333333333,-3.5656821026158627
333,0.25,-2.783130368363358
334,0.2506666666666666,-2.028636024497659
335,0.2513333333333333,-1.3684296431947331
336,0.252,-0.7216497434571743
337,0.2526666666666666,-0.106185031376544
338,0.2533333333333333,0.47568292045098703
339,0.254,1.0326266505205888
340,0.2546666666666666,1.5349711546917058
341,0.2553333333333333,2.027696849755534
342,0.256,2.430063826202275
343,0.2566666666666666,2.8250064842015394
344,0.2573333333333333,3.1489863511323355
345,0.258,3.4625124342736173
346,0.2586666666666666,3.8080271226705293
347,0.2593333333333333,4.066916669002029
348,0.26,4.3358077634502505
349,0.2606666666666666,4.568800659629882
350,0.2613333333333333,4.791120107327233
351,0.262,5.014447488468554
352,0.2626666666666666,5.238652599032464
353,0.2633333333333333,5.445324729716178
354,0.264,5.642800122933157
355,0.2646666666666666,5.81476528268623
356,0.2653333333333333,6.0086755583770275
357,0.266,6.196663689789023
358,0.2666666666666666,6.324502327246039
359,0.2673333333333333,6.494261851859209
360,0.268,6.635725229354931
361,0.2686666666666666,6.773394792728332
362,0.2693333333333333,6.900719217707958
363,0.27,7.009402087082505
364,0.2706666666666666,7.122738569381423
365,0.2713333333333333,7.21463786836043
366,0.2719999999999999,7.319155996167381
367,0.2726666666666666,7.42589605491737
368,0.2733333333333333,7.521895058593748
369,0.2739999999999999,7.632075532470326
370,0.2746666666666666,7.737963359845184
371,0.2753333333333333,7.843894894506992
372,0.2759999999999999,7.933205707157355
373,0.2766666666666666,8.0227329874441
374,0.2773333333333333,8.10152094371941
375,0.2779999999999999,8.197107404467195
376,0.2786666666666667,8.265039564948442
377,0.2793333333333333,8.371035333162176
378,0.2799999999999999,8.441861293092632
379,0.2806666666666667,8.556745865012479
380,0.2813333333333333,8.639439423948408
381,0.282,8.69515738655241
382,0.2826666666666667,8.797122411997691
383,0.2833333333333333,8.87716941268611
384,0.284,8.960178694741531
385,0.2846666666666667,9.01260763833332
386,0.2853333333333333,9.06202203705927
387,0.286,9.113135097375588
388,0.2866666666666667,9.21935824673723
389,0.2873333333333333,9.26074335072723
390,0.288,9.316774119483146
391,0.2886666666666667,9.377473666898885
392,0.2893333333333333,9.4312635849217
393,0.29,9.493178303248355
394,0.2906666666666667,9.535620336326224
395,0.2913333333333333,9.555181214454956
396,0.292,9.602790813967882
397,0.2926666666666666,9.646118285933476
398,0.2933333333333333,9.721968229088674
399,0.294,9.768433604811538
400,0.2946666666666666,9.811376237042651
401,0.2953333333333333,9.870166943273354
402,0.296,9.926147808304554
403,0.2966666666666666,9.971304286813627
404,0.2973333333333333,9.99359545586934
405,0.298,10.035655021625537
406,0.2986666666666666,10.06944160592842
407,0.2993333333333333,10.089820231640216
408,0.3,10.137912496089609
409,0.3006666666666666,10.16590747507901
410,0.3013333333333333,10.182639684149288
411,0.302,10.253732776841753
412,0.3026666666666666,10.276139933275802
413,0.3033333333333333,10.337204271411572
414,0.304,10.41974438426935
415,0.3046666666666666,10.446344568106555
416,0.3053333333333333,10.458731387358467
417,0.306,10.491174273227466
418,0.3066666666666666,10.493784004410989
419,0.3073333333333333,10.499042735481858
420,0.308,10.540985140905951
421,0.3086666666666666,10.55850033868463
422,0.3093333333333333,10.58263879244115
423,0.31,10.59641546554449
424,0.3106666666666666,10.606516687835295
425,0.3113333333333333,10.61527318049483
426,0.312,10.633104715702164
427,0.3126666666666666,10.669544859244372
428,0.3133333333333333,10.691135235133052
429,0.314,10.71121003864819
430,0.3146666666666666,10.725374041226987
431,0.3153333333333333,10.769733570210999
432,0.316,10.799866320528576
433,0.3166666666666666,10.847856899408162
434,0.3173333333333333,10.910812978895596
435,0.318,10.983460090097877
436,0.3186666666666666,11.058614410531455
437,0.3193333333333333,11.140168466775531
438,0.32,11.241600866613169
439,0.3206666666666666,11.386499623713219
440,0.3213333333333333,11.54588747160392
441,0.322,11.718146610572074
442,0.3226666666666666,11.842654904301497
443,0.3233333333333333,12.0202906270207
444,0.324,12.231764496694133
445,0.3246666666666666,12.487038703014573
446,0.3253333333333333,12.675121250032731
447,0.326,12.856779451899826
448,0.3266666666666666,13.107445417186069
449,0.3273333333333333,13.433023699149345
450,0.328,13.820747250435241
451,0.3286666666666666,14.182856121640592
452,0.3293333333333333,14.616020863345973
453,0.33,15.1776352737785
454,0.3306666666666666,15.75006262134057
455,0.3313333333333333,16.29473284664264
456,0.3319999999999999,16.985511761924837
457,0.3326666666666666,17.738322973799214
458,0.3333333333333333,18.59700675662236
459,0.3339999999999999,19.544388156224347
460,0.3346666666666666,20.551129664771892
461,0.3353333333333333,21.703790063752088
462,0.3359999999999999,22.96702819665811
463,0.3366666666666666,24.362829501546937
464,0.3373333333333333,25.869191155677722
465,0.3379999999999999,27.498964350094862
466,0.3386666666666666,29.421848731475365
467,0.3393333333333333,31.434826246495305
468,0.3399999999999999,33.69783962205011
469,0.3406666666666667,36.13702179272875
470,0.3413333333333333,38.867226846126414
471,0.3419999999999999,-4.203801837548463
472,0.3426666666666667,-1.4083665566039543
473,0.3433333333333333,1.2338782748794728
474,0.344,3.853377485934473
475,0.3446666666666667,6.358798901919028
476,0.3453333333333333,8.831323330042343
477,0.346,11.297406090255183
478,0.3466666666666667,13.820264574494184
479,0.3473333333333333,16.36602480941047
480,0.348,18.977280589022577
481,0.3486666666666667,-23.045932308946135
482,0.3493333333333333,-20.54527400754899
483,0.35,-18.304820320352118
484,0.3506666666666667,-16.32139154680013
485,0.3513333333333333,-14.474896080860754
486,0.352,-12.860118148887416
487,0.3526666666666666,-11.378922060893718
488,0.3533333333333333,-9.61760338112819
489,0.354,-8.024418842852379
490,0.3546666666666666,-6.56053713995814
491,0.3553333333333333,-5.227149540427532
492,0.356,-4.011262336870634
493,0.3566666666666666,-2.858703870139024
494,0.3573333333333333,-1.8643248963807695
495,0.358,-0.9033105904033193
496,0.3586666666666666,-0.03590541170971164
497,0.3593333333333333,0.8419432473068312
498,0.36,1.5893474274705335
499,0.3606666666666666,2.2406057283779575
500,0.3613333333333333,2.8796958107968385
501,0.362,3.446781559748731
502,0.3626666666666666,3.9351359547378815
503,0.3633333333333333,4.417473463273281
504,0.364,4.812471673835081
505,0.3646666666666666,5.227919511968723
506,0.3653333333333333,5.560452204201279
507,0.366,5.874360034692062
508,0.3666666666666666,6.210120970851519
509,0.3673333333333333,6.4798165138150345
510,0.368,6.721675414252989
511,0.3686666666666666,6.980295663865997
512,0.3693333333333333,7.15791945061345
513,0.37,7.308873830958911
514,0.3706666666666666,7.458287084266896
515,0.3713333333333333,7.586102425300557
516,0.372,7.717050697500304
517,0.3726666666666666,7.840155326673363
518,0.3733333333333333,7.950620682399749
519,0.374,8.03044310589616
520,0.3746666666666666,8.12375885786077
521,0.3753333333333333,8.194461046968001
522,0.376,8.274193681823627
523,0.3766666666666666,8.292552781739502
524,0.3773333333333333,8.343547571229601
525,0.378,8.36670268027923
526,0.3786666666666666,8.386590774889362
527,0.3793333333333333,8.42860813764537
528,0.38,8.437840355842338
529,0.3806666666666666,8.42154939822823
530,0.3813333333333333,8.433384630071217
531,0.382,8.415660060523322
532,0.3826666666666666,8.396252646119748
533,0.3833333333333333,8.341113547157217
534,0.384,8.475176818751903
535,0.3846666666666666,8.615177182813998
536,0.3853333333333333,8.525252053508689
537,0.386,8.438062755917377
538,0.3866666666666666,8.238442243832472
539,0.3873333333333333,8.115541973416663
540,0.388,7.954454566601453
541,0.3886666666666666,7.865646423248937
542,0.3893333333333333,7.7864447806890515
543,0.39,7.707900538738386
544,0.3906666666666666,7.652181240747689
545,0.3913333333333333,7.6184712315164935
546,0.3919999999999999,7.572505112294735
547,0.3926666666666666,7.580266215597295
548,0.3933333333333333,7.560806099117578
549,0.3939999999999999,7.538381457744767
550,0.3946666666666666,7.575721365702598
551,0.3953333333333333,7.549374363852157
552,0.3959999999999999,7.568104046339855
553,0.3966666666666666,7.558925360923308
554,0.3973333333333333,7.56694040707539
555,0.3979999999999999,7.551023001730025
556,0.3986666666666666,7.489054073419749
557,0.3993333333333333,7.531499241633535
558,0.3999999999999999,7.475221833075738
559,0.4006666666666666,7.385588742792949
560,0.4019999999999999,7.185700536156247
561,0.4039999999999999,7.010999801031963
562,0.4046666666666667,6.842902821807396
563,0.4053333333333333,6.716588397422462
564,0.4059999999999999,6.569644167051827
565,0.4066666666666667,6.453790256523522
566,0.4073333333333333,6.361953722464088
567,0.408,6.292311438776943
568,0.4086666666666667,6.222747284698948
569,0.4093333333333333,6.185185063824852
570,0.41,6.170895029155053
571,0.4106666666666667,6.495078709537694
572,0.4113333333333333,6.894562281655791
573,0.412,7.285027703493352
574,0.4126666666666666,7.6477734900188015
575,0.4133333333333333,8.045981809365552
576,0.414,8.456402732086435
577,0.4146666666666666,8.881703044532818
578,0.4153333333333333,9.368773587334095
579,0.416,9.821233563612797
580,0.4166666666666666,10.30807920373159
581,0.4173333333333333,10.863559632489629
582,0.418,11.452117731485004
583,0.4186666666666666,12.072472981494409
584,0.4193333333333333,12.777406751764989
585,0.42,13.50758261737177
586,0.4206666666666666,14.299459944918695
587,0.4213333333333333,15.126105651105618
588,0.422,15.999699296433754
589,0.4226666666666666,16.97863915205577
590,0.4233333333333333,18.10218763590078
591,0.424,19.389652405758934
592,0.4246666666666666,20.712357177151738
593,0.4253333333333333,22.179795126639874
594,0.426,23.78227172787325
595,0.4266666666666666,25.529307362914324
596,0.4273333333333333,27.45516206207318
597,0.428,29.5617364619782
598,0.4286666666666666,31.88973582292676
599,0.4293333333333333,34.38533693775138
600,0.43,37.138653970147594
601,0.4306666666666666,40.17307829379272
602,0.4313333333333333,43.48957577618354
603,0.432,47.19463153711762
604,0.4326666666666666,51.21982329279886
605,0.4333333333333333,55.68992290452641
606,0.434,60.504499162482595
607,0.4346666666666666,65.84858587444897
608,0.4353333333333333,71.59780430203442
609,0.436,78.03307762654127
610,0.4366666666666666,48.23621255349772
611,0.4373333333333333,18.606892064089926
612,0.438,-10.537602523450108
613,0.4386666666666666,-3.1285532644161322
614,0.4393333333333333,-32.31501144863309
615,0.44,-62.08603405107331
616,0.4406666666666666,-55.541366372572924
617,0.4413333333333333,-49.563839619355385
618,0.442,-44.10090264182825
619,0.4426666666666666,-39.05265038109514
620,0.4433333333333333,-34.422214948645426
621,0.444,-30.097049155933707
622,0.4446666666666666,-26.113606427207426
623,0.4453333333333333,-22.36204434114046
624,0.446,-18.833723225554902
625,0.4466666666666666,-15.5285799842337
626,0.4473333333333333,-12.436094209962995
627,0.448,-9.526423444714766
628,0.4486666666666666,-6.755286498769744
629,0.4493333333333333,-4.096472900356628
630,0.45,-1.5709002051414416
631,0.4506666666666666,0.9001874003124357
632,0.4513333333333333,3.3175775254990016
633,0.4519999999999999,5.737299493434597
634,0.4526666666666666,8.074457730541553
635,0.4533333333333333,10.420801150699951
636,0.4539999999999999,12.806818237513472
637,0.4546666666666666,-20.090508661270675
638,0.4559999999999999,-17.91504462653369
639,0.4566666666666666,-15.860085568935993
640,0.4573333333333333,-14.036233367274148
641,0.4579999999999999,-12.38861145292949
642,0.4586666666666666,-10.873445989415107
643,0.4593333333333333,-9.606202065318143
644,0.4599999999999999,-8.466612278290484
645,0.4613333333333333,-7.435751612973492
646,0.4619999999999999,-6.502529867629808
647,0.4626666666666666,-5.653431617413152
648,0.4633333333333333,-4.855548703047157
649,0.4639999999999999,-4.153442158283002
650,0.4646666666666667,-3.5306716497060906
651,0.4653333333333333,-2.9710142587304347
652,0.4659999999999999,-2.457152963246436
653,0.4666666666666667,-1.9816657825908401
654,0.4673333333333333,-1.5683368361660541
655,0.4679999999999999,-1.1580961634542655
656,0.4686666666666667,-0.7917234856080967
657,0.4693333333333333,-0.4774887336831796
658,0.47,0.0333862813817646
659,0.4706666666666667,0.5196569756158603
660,0.4713333333333333,0.9751426105846037
661,0.472,1.3814599977986106
662,0.4726666666666666,1.7276210810230717
663,0.4733333333333333,2.0462236983126783
664,0.474,2.341571048979863
665,0.4746666666666666,2.5704440008798715
666,0.4753333333333333,2.8303257565270568
667,0.476,3.055587316541576
668,0.4766666666666666,3.268394056814151
669,0.4773333333333333,3.437293809418364
670,0.478,3.5886371469811724
671,0.4786666666666666,3.7280597038521663
672,0.4793333333333333,3.8569581714709047
673,0.48,3.977810171446362
674,0.4806666666666666,4.114020394483391
675,0.4813333333333333,4.237359370650838
676,0.482,4.353872841041845
677,0.4826666666666666,4.487808184824498
678,0.4833333333333333,4.55273444619146
679,0.484,4.645601851997972
680,0.4846666666666666,4.7129029410740255
681,0.4853333333333333,4.762074337527949
682,0.486,4.822679494572357
683,0.4866666666666666,4.898672559182177
684,0.4873333333333333,4.963643535833422
685,0.488,5.045010967637248
686,0.4886666666666666,5.1015284566459025
687,0.4893333333333333,5.146140167462608
688,0.49,5.242904835098978
689,0.4906666666666666,5.336758896373311
690,0.4913333333333333,5.41370956225113
691,0.492,5.527762276298581
692,0.4926666666666666,5.6296204172389785
693,0.4933333333333333,5.70378556857026
694,0.494,5.820295144632926
695,0.4946666666666666,5.915425664350805
696,0.4953333333333333,5.93483870401268
697,0.496,6.018749480853441
698,0.4966666666666666,6.1141678824164165
699,0.4973333333333333,6.249799967406486
700,0.498,6.381536450223339
701,0.4986666666666666,6.54787961570646
702,0.4993333333333333,6.742390935279767
703,0.5,6.947564724198322
704,0.5006666666666667,7.2690321748582924
705,0.5013333333333333,7.578014033378125
706,0.502,7.907273512583122
707,0.5026666666666666,8.284442264436525
708,0.5033333333333333,8.744947809414
709,0.504,9.227432918245544
710,0.5046666666666666,9.760979217774889
711,0.5053333333333333,10.292876515322792
712,0.506,10.965242993134568
713,0.5066666666666666,11.745468731248815
714,0.5073333333333333,12.614211540117152
715,0.508,13.542713295327017
716,0.5086666666666666,14.572187818583496
717,0.5093333333333333,15.66269887913105
718,0.51,16.849286811988243
719,0.5106666666666666,18.151715146221694
720,0.5113333333333333,19.614333318626606
721,0.512,21.201130417656973
722,0.5126666666666666,22.928320002457976
723,0.5133333333333333,24.850496501582853
724,0.514,26.9567169498128
725,0.5146666666666666,29.284031484013912
726,0.5153333333333333,31.7923941808436
727,0.516,34.56902061829405
728,0.5166666666666666,37.571121683691956
729,0.5173333333333333,41.043335973515575
730,0.518,44.51458784264284
731,0.5186666666666666,48.49896149918006
732,0.5193333333333333,52.80830150501066
733,0.52,57.58114286318031
734,0.5206666666666666,62.859562788978934
735,0.5213333333333333,68.66707778256391
736,0.522,75.04226662389702
737,0.5226666666666666,81.99637876035304
738,0.5233333333333333,89.53290804930458
739,0.524,97.91962094050942
740,0.5273333333333333,75.73785122828613
741,0.528,54.23403848326976
742,0.5286666666666666,33.300444944710215
743,0.53,12.592449111824909
744,0.5306666666666666,-7.90838926706665
745,0.5313333333333333,-28.652513812203587
746,0.532,-18.65137939901056
747,0.5326666666666666,-39.72309948719885
748,0.5333333333333333,-30.30558396185742
749,0.534,-21.196554306186385
750,0.5346666666666666,-12.316225145618683
751,0.5353333333333333,-34.49898970118425
752,0.536,-57.1761528361796
753,0.5366666666666666,-49.302926679343955
754,0.5373333333333333,-41.909081397534536
755,0.538,-65.70150011453647
756,0.5386666666666666,-59.345246352346436
757,0.5393333333333333,-53.52697133442711
758,0.54,-48.230323219894586
759,0.5406666666666666,-43.37424447735379
760,0.5413333333333333,-38.93262118486506
761,0.542,-34.90565004932429
762,0.5426666666666666,-31.194083112005753
763,0.5433333333333333,-27.788988645961872
764,0.5439999999999999,-24.6678354677463
765,0.5446666666666666,-21.810073555200404
766,0.5453333333333333,-19.177577948572203
767,0.5459999999999999,-16.786300489770223
768,0.5466666666666666,-14.538066147729674
769,0.5473333333333333,-12.47692640602358
770,0.5479999999999999,-10.578469663592792
771,0.5486666666666666,-8.803444810365784
772,0.5493333333333333,-7.162440163312922
773,0.5499999999999999,-5.61277182160195
774,0.5506666666666666,-4.16279965797485
775,0.5513333333333333,-2.8011157747656146
776,0.5519999999999999,-1.488985933773411
777,0.5526666666666666,-0.24809339196642669
778,0.5533333333333333,0.9617528235950928
779,0.5539999999999999,2.1128003803648654
780,0.5546666666666666,3.268474978326478
781,0.5553333333333333,4.398448953510021
782,0.5559999999999999,5.541033276526138
783,0.5566666666666666,6.67179583762961
784,0.5573333333333333,7.8396997150803465
785,0.5579999999999999,9.057087080152355
786,0.5586666666666666,10.25729807086467
787,0.5593333333333333,11.52576114253019
788,0.5599999999999999,12.839656812159152
789,0.5606666666666666,14.210093942047738
790,0.5613333333333334,15.693364852595415
791,0.5619999999999999,-12.131921838313682
792,0.5626666666666666,-10.693116342732175
793,0.5633333333333334,-9.377794850656155
794,0.564,-8.205361949125685
795,0.5646666666666667,-7.118773633872701
796,0.5653333333333334,-6.109652602857768
797,0.566,-5.257222043291013
798,0.5666666666666667,-4.4729066499605565
799,0.5673333333333334,-3.745711869604742
800,0.568,-3.040826747418148
801,0.5686666666666667,-2.450996114298171
802,0.5693333333333334,-1.9049299973543414
803,0.57,-1.3098375686240056
804,0.5706666666666667,-0.7539857104819945
805,0.5713333333333334,-0.2310575991005308
806,0.572,0.2730582943040702
807,0.5726666666666667,0.760993653885722
808,0.5733333333333334,1.2302583091355463
809,0.574,1.6532892558424033
810,0.5746666666666667,2.07695691034403
811,0.5753333333333334,2.4704231005006663
812,0.576,2.8937242643332928
813,0.5766666666666667,3.2692768292353387
814,0.5773333333333334,3.681914860698164
815,0.578,4.11613635393461
816,0.5786666666666667,4.5576065045322505
817,0.5793333333333334,4.979110116112093
818,0.58,5.423875569200817
819,0.5806666666666667,5.8692476199416355
820,0.5813333333333334,6.3396158759465
821,0.582,6.870513563018474
822,0.5826666666666667,7.400318354457413
823,0.5833333333333333,7.9456427988061975
824,0.584,8.57220076393994
825,0.5846666666666667,9.23954455889836
826,0.5853333333333333,9.962403037845856
827,0.586,10.729572899993334
828,0.5866666666666667,11.537583927396028
829,0.5873333333333333,12.384110480653106
830,0.588,13.298311313392311
831,0.5886666666666667,14.350443124099499
832,0.5893333333333333,15.48411522053101
833,0.59,16.738867773136747
834,0.5906666666666667,18.080596014606964
835,0.5913333333333333,19.595714900360015
836,0.592,21.1418812004409
837,0.5926666666666667,22.8498859364527
838,0.5933333333333333,24.758776248675783
839,0.594,26.954243990740466
840,0.5946666666666667,29.281596550425924
841,0.5953333333333333,31.791809773010527
842,0.596,34.47821277842527
843,0.5966666666666667,37.464389550530406
844,0.5973333333333333,40.733804577979974
845,0.598,44.36585434895069
846,0.5986666666666667,48.32546207395455
847,0.5993333333333333,52.75640685252145
848,0.6,57.56763457352275
849,0.6006666666666667,62.9351558842258
850,0.6013333333333333,69.00700239305289
851,0.602,75.45657664814885
852,0.6026666666666667,82.74072927032427
853,0.604,63.140016940431224
854,0.6053333333333333,57.9028782929707
855,0.606,53.14590709067425
856,0.608,48.80857143073391
857,0.61,44.87808239914382
858,0.6106666666666667,41.10479267286672
859,0.6113333333333333,37.676267641314375
860,0.612,34.59353831418816
861,0.6126666666666667,31.79287789792967
862,0.6133333333333333,29.24393868243517
863,0.614,27.018311690595283
864,0.6146666666666667,24.972347675967825
865,0.6153333333333333,23.09081869545338
866,0.616,21.332433474799572
867,0.6166666666666667,19.817224716576188
868,0.6173333333333333,18.420325149503157
869,0.618,17.11957169542116
870,0.6186666666666667,15.93793240234503
871,0.6193333333333333,14.886052402501328
872,0.62,13.928407979626815
873,0.6206666666666667,13.05440403081504
874,0.6213333333333333,12.262792602191732
875,0.622,11.532077920147323
876,0.6226666666666666,10.88116266020944
877,0.6233333333333333,10.296854304643128
878,0.624,9.78030946215942
879,0.6246666666666666,9.275512240040232
880,0.6253333333333333,8.846738729033556
881,0.626,8.452276161998341
882,0.6266666666666666,8.052359043800013
883,0.6273333333333333,7.67929940577518
884,0.628,7.377988533203103
885,0.6286666666666666,7.076723069392756
886,0.6293333333333333,6.822878240160065
887,0.63,6.564569301661081
888,0.6306666666666666,6.332305131286226
889,0.6313333333333333,6.131620165344898
890,0.632,5.936891253059649
891,0.6326666666666666,5.763068129141782
892,0.6333333333333333,5.594046199929159
893,0.634,5.402044774040315
894,0.6346666666666666,5.246303944721349
895,0.6353333333333333,5.046748289625572
896,0.636,4.865215389400097
897,0.6366666666666666,4.7204087892514845
898,0.6373333333333333,4.553979325237383
899,0.638,4.401843759256866
900,0.6386666666666666,4.240366522949504
901,0.6393333333333333,4.078901489767627
902,0.64,3.864415652635261
903,0.6406666666666666,3.6128363111373667
904,0.6413333333333333,3.394596800638924
905,0.642,3.609074518279802
906,0.6426666666666666,3.5771555801691854
907,0.6433333333333333,3.377270388593563
908,0.644,3.203307766745753
909,0.6446666666666666,3.1843475100134846
910,0.6453333333333333,3.199931372326418
911,0.646,3.2347067434551295
912,0.6466666666666666,3.2626561635073656
913,0.6473333333333333,3.282149466448157
914,0.648,3.2728828622676485
915,0.6486666666666666,3.3033253318993006
916,0.6493333333333333,3.3725887237807437
917,0.65,3.4321050418617682
918,0.6506666666666666,3.4462959498507963
919,0.6513333333333333,3.492844704860162
920,0.652,3.5013848117249937
921,0.6526666666666666,3.5397887734969204
922,0.6533333333333333,3.5705720683611704
923,0.654,3.6082681546629356
924,0.6546666666666666,3.6467975349719084
925,0.6553333333333333,3.6881961216600745
926,0.656,3.737164099053535
927,0.6566666666666666,3.808449262078714
928,0.6573333333333333,3.847545874956728
929,0.658,3.8901867001478383
930,0.6586666666666666,3.955332754224263
931,0.6593333333333333,3.9939499415164343
932,0.66,4.057543351500029
933,0.6606666666666666,4.0981392128043534
934,0.6613333333333333,4.154098582150864
935,0.662,4.208327550528731
936,0.6626666666666666,4.236199926944363
937,0.6633333333333333,4.256270169963231
938,0.6639999999999999,4.275999139433651
939,0.6646666666666666,4.3213745767449065
940,0.6653333333333333,4.344123616936324
941,0.6659999999999999,4.3753691654321205
942,0.6666666666666666,4.354015552285942
943,0.6673333333333333,4.407884361458963
944,0.6679999999999999,4.4787287380394165
945,0.6686666666666666,4.5132281393266656
946,0.6693333333333333,4.578475213252619
947,0.6699999999999999,4.621517950084182
948,0.6706666666666666,4.662685815141301
949,0.6713333333333333,4.738919372310086
950,0.6719999999999999,4.959067623385319
951,0.6726666666666666,5.046216684731153
952,0.6733333333333333,5.117502786937813
953,0.6739999999999999,5.298145544475936
954,0.6746666666666666,5.3787725152346395
955,0.6753333333333333,5.492085849519125
956,0.6759999999999999,5.565428112088936
957,0.6766666666666666,5.58841911231109
958,0.6773333333333333,5.620095413962993
959,0.6779999999999999,5.717622471801495
960,0.6786666666666666,5.761134355641083
961,0.6793333333333333,5.799007987377739
962,0.6799999999999999,5.968290351523251
963,0.6806666666666666,6.033922927587337
964,0.6813333333333333,6.091176529604204
965,0.6819999999999999,6.267276184254694
966,0.6826666666666666,6.419631254373029
967,0.6833333333333333,6.658056233930134
968,0.6839999999999999,6.939181167102383
969,0.6846666666666666,7.233476150212141
970,0.6853333333333333,7.546272205050764
971,0.6859999999999999,7.928954256243627
972,0.6866666666666666,8.299299614858892
973,0.6873333333333334,8.703566016809644
974,0.688,9.11939249447907
975,0.6886666666666666,9.57077774837322
976,0.6893333333333334,10.078817613697064
977,0.69,10.474456931538334
978,0.6906666666666667,10.848987421944098
979,0.6913333333333334,11.102474949049716
980,0.692,11.572206235071778
981,0.6926666666666667,12.074268184704591
982,0.6933333333333334,12.67403597780931
983,0.694,13.344465749011201
984,0.6946666666666667,14.042805395181716
985,0.6953333333333334,14.8553549114909
986,0.696,15.73514816338534
987,0.6966666666666667,-5.014782333039243
988,0.6973333333333334,-4.102375850931169
989,0.698,-3.279298255753938
990,0.6986666666666667,-2.5084500064995896
991,0.6993333333333334,-1.8046361813271674
992,0.7,-1.1559989420161814
993,0.7006666666666667,-0.48907720441380464
994,0.7013333333333334,0.22211732565353304
995,0.702,0.7291064866029388
996,0.7026666666666667,1.325270453832166
997,0.7033333333333333,1.9419157003607195
998,0.704,2.386569841024538
999,0.7046666666666667,3.074140271512448
1000,0.7053333333333333,3.4953344677398825
1001,0.706,3.898839225446503
1002,0.7066666666666667,4.273854007373552
1003,0.7073333333333333,4.641250141016382
1004,0.708,5.012502911060189
1005,0.7086666666666667,5.391676547757645
1006,0.7093333333333333,5.7738257097862835
1007,0.71,6.173652978129758
1008,0.7106666666666667,6.539082481796914
1009,0.7113333333333333,6.997764914934021
1010,0.712,7.458756416265498
1011,0.7126666666666667,7.939306940797469
1012,0.7133333333333333,8.44505897865111
1013,0.714,8.960213443674906
1014,0.7146666666666667,9.598025695780638
1015,0.7153333333333333,10.170994141550748
1016,0.716,10.82505246538095
1017,0.7166666666666667,11.493024786790208
1018,0.7173333333333333,12.240360594708317
1019,0.718,12.95004568923855
1020,0.7186666666666667,-6.804415658664564
1021,0.7193333333333333,-6.114870754454859
1022,0.72,-5.476241544335046
1023,0.7206666666666667,-4.935782449764648
1024,0.7213333333333333,-4.4617043205819655
1025,0.722,-4.075722927379263
1026,0.7226666666666667,-3.7070451352495284
1027,0.7233333333333333,-2.6654709654015307
1028,0.724,-2.148370436708023
1029,0.7246666666666667,-1.664821111085525
1030,0.7253333333333333,-1.1623201931629772
1031,0.726,-0.7191032893031306
1032,0.7266666666666667,-0.28453055930970805
1033,0.7273333333333333,0.09864137184622167
1034,0.728,0.4638400493477846
1035,0.7286666666666667,0.8742257995005155
1036,0.7293333333333333,1.210799143616328
1037,0.73,1.513399153901633
1038,0.7306666666666667,1.80469468943339
1039,0.7313333333333333,2.0506968173800066
1040,0.732,2.301571088875422
1041,0.7326666666666667,2.520748617602368
1042,0.7333333333333333,2.741140435157266
1043,0.734,2.9179710743678253
1044,0.7346666666666667,3.1329854594732813
1045,0.7353333333333333,3.2938912907403664
1046,0.736,3.479381456368259
1047,0.7366666666666667,3.658727510181593
1048,0.7373333333333333,3.825847808608043
1049,0.738,3.9875672503734862
1050,0.7386666666666667,4.151442512846393
1051,0.7393333333333333,4.341876967651714
1052,0.74,4.469150946391472
1053,0.7406666666666667,4.576388619708331
1054,0.7413333333333333,4.712060723585964
1055,0.742,4.86232448554814
1056,0.7426666666666667,4.997620871981808
1057,0.7433333333333333,5.1400319058336335
1058,0.744,5.2468437389229114
1059,0.7446666666666666,5.367888106214256
1060,0.7453333333333333,5.511565039337498
1061,0.746,5.627878342360679
1062,0.7466666666666666,5.769235067554959
1063,0.7473333333333333,5.898506335969518
1064,0.748,6.066080738556254
1065,0.7486666666666666,6.189529305045855
1066,0.7493333333333333,6.377946922634386
1067,0.75,6.660498273830341
1068,0.7506666666666666,6.886047640374563
1069,0.7513333333333333,7.113407364026876
1070,0.752,7.336079971973011
1071,0.7526666666666666,7.5932577989344825
1072,0.7533333333333333,7.9161060923265865
1073,0.754,8.209009243503749
1074,0.7546666666666666,8.510051839688858
1075,0.7553333333333333,8.855628252650888
1076,0.756,9.222379721742248
1077,0.7566666666666666,9.633542334281433
1078,0.7573333333333333,10.042436027047891
1079,0.758,10.520799992446463
1080,0.7586666666666666,11.035761359803423
1081,0.7593333333333333,11.540918865287265
1082,0.76,12.218122030085063
1083,0.7606666666666666,12.95543815887628
1084,0.7613333333333333,13.727932921649128
1085,0.762,14.594449396268582
1086,0.7626666666666666,15.526209421313837
1087,0.7633333333333333,16.53957499362649
1088,0.764,17.76892010208784
1089,0.7646666666666666,19.083140026380086
1090,0.7653333333333333,20.533396244967367
1091,0.766,4.030247219213516
1092,0.7666666666666666,5.520361058690352
1093,0.7673333333333333,7.144156096914163
1094,0.768,-9.233692142972147
1095,0.7686666666666666,-8.047885262536852
1096,0.7693333333333333,-6.83360302927395
1097,0.77,-5.735636074226658
1098,0.7706666666666666,-4.815377981664783
1099,0.7713333333333333,-3.90259430168007
1100,0.772,-3.0698247663089293
1101,0.7726666666666666,-2.323384923365802
1102,0.7733333333333333,-1.6377397061099224
1103,0.774,-1.0254881195977064
1104,0.7746666666666666,-0.4672486165915487
1105,0.7753333333333333,0.08401882452446188
1106,0.776,0.6503360050074826
1107,0.7766666666666666,1.1379136802386995
1108,0.7773333333333333,1.599510489969018
1109,0.778,2.052196030705734
1110,0.7786666666666666,2.47097423610943
1111,0.7793333333333333,2.927247593915443
1112,0.78,3.364509179334284
1113,0.7806666666666666,3.7809951614540576
1114,0.7813333333333333,4.198338612600154
1115,0.782,4.630700775200083
1116,0.7826666666666666,5.034710549098108
1117,0.7833333333333333,5.482107089275898
1118,0.7839999999999999,5.939080050532567
1119,0.7846666666666666,6.411272557561411
1120,0.7853333333333333,6.917548850982327
1121,0.7859999999999999,7.446746206620682
1122,0.7866666666666666,8.017268959515105
1123,0.7873333333333333,8.567787220935793
1124,0.7879999999999999,9.179632168907402
1125,0.7886666666666666,9.850793699587653
1126,0.7893333333333333,10.560187928984114
1127,0.7899999999999999,11.441341571299038
1128,0.7906666666666666,12.213992721105255
1129,0.7913333333333333,13.067850911968797
1130,0.7919999999999999,14.027972065117211
1131,0.7926666666666666,15.136695772515743
1132,0.7933333333333333,16.321549857833702
1133,0.7939999999999999,17.54552011782434
1134,0.7946666666666666,18.889590171180078
1135,0.7953333333333333,20.43726031049049
1136,0.7959999999999999,22.025355782829717
1137,0.7966666666666666,23.74566079876711
1138,0.7973333333333333,25.680001078299668
1139,0.7979999999999999,12.082869854476304
1140,0.7986666666666666,-1.2203308726879785
1141,0.7993333333333333,0.9152737615260378
1142,0.7999999999999999,2.874035918797904
1143,0.8006666666666666,-10.427556987381468
1144,0.8013333333333333,-8.633601858474512
1145,0.8019999999999999,-7.004211890434451
1146,0.8026666666666666,-5.4806628384415035
1147,0.8033333333333333,-4.003848599040424
1148,0.8039999999999999,-2.67096501143499
1149,0.8046666666666666,-1.30948288053892
1150,0.8053333333333333,0.017035416273122907
1151,0.8059999999999999,1.3308559942339657
1152,0.8066666666666666,2.600108359394858
1153,0.8073333333333333,-11.179174378089686
1154,0.8079999999999999,-10.02223747977771
1155,0.8086666666666666,-8.98577362832963
1156,0.8093333333333333,-8.030729023472066
1157,0.8099999999999999,-6.911463375455639
1158,0.8106666666666666,-5.828685309439409
1159,0.8113333333333334,-4.84813446638392
1160,0.8119999999999999,-3.943479559355966
1161,0.8126666666666666,-3.122463441506737
1162,0.8133333333333334,-2.432489548952353
1163,0.814,-1.7577561977145209
1164,0.8146666666666667,-1.0723635690041633
1165,0.8153333333333334,-0.4671407609988165
1166,0.816,0.09532128906866931
1167,0.8166666666666667,0.5994838912602276
1168,0.8173333333333334,1.0783804348989177
1169,0.818,1.4424043629009171
1170,0.8186666666666667,1.8191362882012514
1171,0.8193333333333334,2.184578953278993
1172,0.82,2.500306144365935
1173,0.8206666666666667,2.796912106987521
1174,0.8213333333333334,3.0590126815260983
1175,0.822,3.2945342047931363
1176,0.8226666666666667,3.5221973165429574
1177,0.8233333333333333,3.7228623129063068
1178,0.824,3.9363950604422713
1179,0.8246666666666667,4.140836180172605
1180,0.8253333333333333,4.325522569054769
1181,0.826,4.473991847093578
1182,0.8266666666666667,4.624535416624394
1183,0.8273333333333333,4.815368756320848
1184,0.828,4.989643228544882
1185,0.8286666666666667,5.122002285235983
1186,0.8293333333333333,5.26040290802643
1187,0.83,5.3797062115545415
1188,0.8306666666666667,5.49631325404329
1189,0.8313333333333333,5.629756155735425
1190,0.832,5.775894816930729
1191,0.8326666666666667,5.919514483748923
1192,0.8333333333333333,6.050127615393524
1193,0.834,6.179145966621577
1194,0.8346666666666667,6.320372285846088
1195,0.8353333333333333,6.460990116043627
1196,0.836,6.630656216416416
1197,0.8366666666666667,6.806877898029931
1198,0.8373333333333333,6.996578863538201
1199,0.838,7.1838654999999525
1200,0.8386666666666667,7.407692747494912
1201,0.8393333333333333,7.632528670635295
1202,0.84,7.894713522465685
1203,0.8406666666666667,8.193525960793195
1204,0.8413333333333333,8.539114574906511
1205,0.842,8.87282765671742
1206,0.8426666666666667,9.275112679138
1207,0.8433333333333333,9.709841177829025
1208,0.844,10.167723328907622
1209,0.8446666666666667,10.644272173784271
1210,0.8453333333333333,-1.6537081990105946
1211,0.846,-1.23517331888619
1212,0.8466666666666667,-0.8594771971180862
1213,0.8473333333333333,-0.4782802067939649
1214,0.848,-0.13658282500090843
1215,0.8486666666666667,0.1357991358300236
1216,0.8493333333333333,0.37066774811194136
1217,0.85,0.6398716132909336
1218,0.8506666666666667,0.872031313956346
1219,0.8513333333333333,1.0816008504024426
1220,0.852,1.306046560859584
1221,0.8526666666666667,1.499416654964077
1222,0.8533333333333333,1.6679243273323925
1223,0.854,1.8164171467716868
1224,0.8546666666666667,1.9720079463620117
1225,0.8553333333333333,2.114428653407091
1226,0.856,2.227893903391427
1227,0.8566666666666667,2.3426674128617555
1228,0.8573333333333333,2.47131564560057
1229,0.858,2.6009765077240083
1230,0.8586666666666667,2.7048379003603245
1231,0.8593333333333333,2.846670879754177
1232,0.86,2.973341108979872
1233,0.8606666666666667,3.0836711091141327
1234,0.8613333333333333,3.1941602283319916
1235,0.862,3.2966341736380276
1236,0.8626666666666667,3.420487488372045
1237,0.8633333333333333,3.5528892468978897
1238,0.864,3.650680796487606
1239,0.8646666666666666,3.7553696475621194
1240,0.8653333333333333,3.8433580583748412
1241,0.866,3.917579764222708
1242,0.8666666666666666,3.9971752824310047
1243,0.8673333333333333,4.061456089851092
1244,0.868,4.179877410527103
1245,0.8686666666666666,4.207461304655683
1246,0.8693333333333333,4.361322354188281
1247,0.87,4.536192507057009
1248,0.8706666666666666,4.6861399977138705
1249,0.8713333333333333,4.817406126035696
1250,0.872,4.94167203082972
1251,0.8726666666666666,5.052286024672709
1252,0.8733333333333333,5.2110191767221155
1253,0.874,5.329917132465555
1254,0.8746666666666666,5.48117661535041
1255,0.8753333333333333,5.656422711943334
1256,0.876,5.815037721342186
1257,0.8766666666666666,6.038122909100306
1258,0.8773333333333333,6.1546970221321065
1259,0.878,6.335926695716613
1260,0.8786666666666666,6.649481925138739
1261,0.8793333333333333,6.7917057035570085
1262,0.88,6.988277971735022
1263,0.8806666666666666,7.279277755574667
1264,0.8813333333333333,7.602839141021121
1265,0.882,7.969934794557071
1266,0.8826666666666666,8.457123545326072
1267,0.8833333333333333,9.221732303999124
1268,0.884,9.555889729580059
1269,0.8846666666666666,10.436951072151027
1270,0.8853333333333333,10.959293863531457
1271,0.886,0.6274701409928825
1272,0.8866666666666666,1.2515263035312303
1273,0.8873333333333333,1.7674572257505596
1274,0.888,1.8391578484508937
1275,0.8886666666666666,1.9926120026271201
1276,0.8893333333333333,2.061069745393388
1277,0.89,2.161914615868195
1278,0.8906666666666666,2.2624536868799496
1279,0.8913333333333333,2.35180831397402
1280,0.892,2.459450907788395
1281,0.8926666666666666,2.5330610121654304
1282,0.8933333333333333,2.574605140261336
1283,0.894,2.841383348896917
1284,0.8946666666666666,3.0529589527409398
1285,0.8953333333333333,3.214918474757279
1286,0.896,3.3903734507905856
1287,0.8966666666666666,3.4934388948145982
1288,0.8973333333333333,3.6424989876224148
1289,0.898,3.7361342654106338
1290,0.8986666666666666,3.833544129028951
1291,0.8993333333333333,3.9335309935682945
1292,0.9,3.9970362569228004
1293,0.9006666666666666,4.071920852448989
1294,0.9013333333333332,4.158074976858155
1295,0.902,4.2099981200531795
1296,0.9026666666666666,4.257798758535709
1297,0.9033333333333332,4.314981103179051
1298,0.904,4.357398235026394
1299,0.9046666666666666,4.405566551819055
1300,0.9053333333333332,4.459946594775351
1301,0.906,4.493798719340474
1302,0.9066666666666666,4.518934070465612
1303,0.9073333333333332,4.5284236355979735
1304,0.908,4.540392920921422
1305,0.9086666666666666,4.527058439066386
1306,0.9093333333333332,4.497705355477396
1307,0.91,4.507216794648248
1308,0.9106666666666666,4.508956527256109
1309,0.9113333333333332,4.506406342486212
1310,0.912,4.4910232264197845
1311,0.9126666666666666,4.491999096002461
1312,0.9133333333333332,4.469857211599546
1313,0.914,4.416857939806102
1314,0.9146666666666666,4.393178211736539
1315,0.9153333333333332,4.362909835375333
1316,0.916,4.319321093577421
1317,0.9166666666666666,4.277100400557258
1318,0.9173333333333332,4.220847866513199
1319,0.918,4.17096211365838
1320,0.9186666666666666,4.107048711232745
1321,0.9193333333333332,4.046356327774617
1322,0.92,3.9643122914031625
1323,0.9206666666666666,3.8914544692187967
1324,0.9213333333333332,3.81235047456209
1325,0.922,3.693194584860021
1326,0.9226666666666666,3.578771385630684
1327,0.9233333333333332,3.498219250454056
1328,0.924,3.509818526275656
1329,0.9246666666666666,3.3687201275740186
1330,0.9253333333333332,3.282013946592813
1331,0.926,3.2297849597344626
1332,0.9266666666666666,3.1542536944961506
1333,0.9273333333333332,3.1064012703696338
1334,0.928,3.058885510410805
1335,0.9286666666666666,3.0139543831316296
1336,0.9293333333333332,2.9651563587283736
1337,0.93,2.946673031348594
1338,0.9306666666666666,2.9271563799032965
1339,0.9313333333333332,2.920788512097834
1340,0.932,2.9254108170731214
1341,0.9326666666666666,2.9384095549977687
1342,0.9333333333333332,2.951395165440843
1343,0.934,2.941498593603348
1344,0.9346666666666666,2.9609538172137437
1345,0.9353333333333332,2.978706965999379
1346,0.936,2.9555741842661045
1347,0.9366666666666666,2.9835882681892723
1348,0.9373333333333334,3.022009102092558
1349,0.938,3.0541964017037198
1350,0.9386666666666666,3.0732778654145982
1351,0.9393333333333334,3.0932019170724043
1352,0.94,3.1128708772924574
1353,0.9406666666666668,3.13706300573041
1354,0.9413333333333334,3.187069841356653
1355,0.942,3.2386731290414303
1356,0.9426666666666668,3.267790600375859
1357,0.9433333333333334,3.3027579515179712
1358,0.944,3.323437685258883
1359,0.9446666666666668,3.3818119519171383
1360,0.9453333333333332,3.402786344502036
1361,0.946,3.5090398852323945
1362,0.9466666666666668,3.583031749041179
1363,0.9473333333333332,3.6685281617749235
1364,0.948,3.7242725901716636
1365,0.9486666666666668,3.7319766522998705
1366,0.9493333333333333,3.8202538436542257
1367,0.95,3.909042524923736
1368,0.9506666666666668,3.976953146778886
1369,0.9513333333333333,4.054400231232396
1370,0.952,4.156519638714264
1371,0.9526666666666668,4.235941082319559
1372,0.9533333333333333,4.367891049376666
1373,0.954,4.435499161122279
1374,0.9546666666666668,4.535635053892213
1375,0.9553333333333331,4.662119042518267
1376,0.956,4.7864010185425965
1377,0.9566666666666668,4.853013063450625
1378,0.9573333333333331,4.865872172218797
1379,0.958,4.858187863447067
1380,0.9586666666666668,4.872977764245191
1381,0.9593333333333331,4.890598439530908
1382,0.96,4.969153006631784
1383,0.9606666666666668,4.99945249107557
1384,0.9613333333333332,5.088341310634351
1385,0.962,5.178087109947796
1386,0.9626666666666668,5.244565777479298
1387,0.9633333333333332,5.3037671373499355
1388,0.964,5.493855776700909
1389,0.9646666666666668,5.535198010864483
1390,0.9653333333333332,5.579973024440306
1391,0.966,5.6598870823454615
1392,0.9666666666666668,5.711667730192911
1393,0.9673333333333332,5.7732598085105415
1394,0.968,5.842508252692628
1395,0.9686666666666668,5.912097303375534
1396,0.9693333333333332,5.9302018398962675
1397,0.97,6.182680530622631
1398,0.9706666666666668,6.202634705987949
1399,0.9713333333333332,6.165070766314601
1400,0.972,6.0899879774540615
1401,0.9726666666666668,6.105430424628875
1402,0.9733333333333332,6.264346611347991
1403,0.974,6.216269969326935
1404,0.9746666666666668,6.202721361033728
1405,0.9753333333333332,6.15414811168907
1406,0.976,6.1173619084843445
1407,0.9766666666666668,6.035033067192344
1408,0.9773333333333332,6.007715452460151
1409,0.978,5.953476010930924
1410,0.9786666666666668,5.902109632064537
1411,0.9793333333333332,5.885450527240254
1412,0.98,5.812046939563423
1413,0.9806666666666668,5.754108079274316
1414,0.9813333333333332,5.698038491503377
1415,0.982,5.584409312900054
1416,0.9826666666666668,5.4854460925269
1417,0.9833333333333332,5.439230182884926
1418,0.984,5.389907805093984
1419,0.9846666666666666,5.3452105338281894
1420,0.9853333333333332,5.315343942767227
1421,0.986,5.316822606615005
1422,0.9866666666666666,5.262526825533662
1423,0.9873333333333332,5.24574943163408
1424,0.988,5.223239129298884
1425,0.9886666666666666,5.265521328736751
1426,0.9893333333333332,5.303863392252392
1427,0.99,5.368204270487745
1428,0.9906666666666666,5.44999487582936
1429,0.9913333333333332,5.527667814203832
1430,0.992,5.611219212369026
1431,0.9926666666666666,5.707231971629139
1432,0.9933333333333332,5.746848936065547
1433,0.994,5.7550071393152
1434,0.9946666666666666,1.8808064578449681
1435,0.9953333333333332,1.920525728587566
1436,0.996,1.9552735175085432
1437,0.9966666666666666,1.9733696042687408
1438,0.9973333333333332,2.0043342450064174
1439,0.998,2.0162915011268896
1440,0.9986666666666666,2.0375577586871887
1441,0.9993333333333332,2.049710003604969
1442,1.0,2.036297199590332
1443,1.0006666666666666,2.0565079942001527
1444,1.0013333333333334,2.079923680337833
1445,1.002,2.1053766544520847
1446,1.0026666666666666,2.1305690279778835
1447,1.0033333333333334,2.123491832814071
1448,1.004,2.1490662741065183
1449,1.0046666666666666,2.1802326475592824
1450,1.0053333333333332,2.218818710054927
1451,1.006,2.2411250259508235
1452,1.0066666666666666,2.294776869912308
1453,1.0073333333333332,2.3293664591209646
1454,1.008,2.3698666599382707
1455,1.0086666666666666,2.389264264210659
1456,1.0093333333333332,2.4043212832378913
1457,1.01,2.455928991909973
1458,1.0106666666666666,2.5298022197123693
1459,1.0113333333333332,2.524966415294893
1460,1.012,2.5713816391814732
1461,1.0126666666666666,2.58557578463712
1462,1.0133333333333332,2.6625053648400474
1463,1.014,2.7278645770667556
1464,1.0146666666666666,2.8127273964148123
1465,1.0153333333333332,2.908283497682165
1466,1.016,2.988163820838805
1467,1.0166666666666666,3.0672220788322235
1468,1.0173333333333332,3.1675206260624704
1469,1.018,3.2415984653725896
1470,1.0186666666666666,3.3117771740253747
1471,1.0193333333333332,3.3240140195783527
1472,1.02,3.375038396336831
1473,1.0206666666666666,3.4378169516701598
1474,1.0213333333333332,3.521515833933751
1475,1.022,3.606375320372658
1476,1.0226666666666666,3.667936789187129
1477,1.0233333333333332,3.724240353166782
1478,1.024,3.818278193606173
1479,1.0246666666666666,3.9087084918896027
1480,1.0253333333333332,4.018939163670351
1481,1.026,4.090497520590129
1482,1.0266666666666666,4.16027670285148
1483,1.0273333333333332,4.190284044383816
1484,1.028,4.246288012139817
1485,1.0286666666666666,4.34188691673163
1486,1.0293333333333332,4.391139213486125
1487,1.03,4.513897419900286
1488,1.0306666666666666,4.58998553707794
1489,1.0313333333333332,4.664999423747498
1490,1.032,4.776437630181952
1491,1.0326666666666666,4.899357787739211
1492,1.0333333333333332,5.010360019390038
1493,1.034,5.115794565922402
1494,1.0346666666666666,5.270000926634005
1495,1.0353333333333332,5.417800772247805
1496,1.036,5.524869766462218
1497,1.0366666666666666,5.636494772412689
1498,1.0373333333333332,5.725525697135183
1499,1.038,5.842188287946335
1500,1.0386666666666666,5.998802503280656
1501,1.0393333333333332,6.077571322003858
1502,1.04,6.2201258985918955
1503,1.0406666666666666,6.296002440786817
1504,1.0413333333333332,6.357119073064033
1505,1.042,6.486713015524228
1506,1.0426666666666666,6.563054965456198
1507,1.0433333333333332,6.632540343915145
1508,1.044,6.711956286885353
1509,1.0446666666666666,6.777166793224659
1510,1.0453333333333332,6.808799785322112
1511,1.046,6.808916943749174
1512,1.0466666666666666,6.812349553644601
1513,1.0473333333333332,6.793338597608751
1514,1.048,6.800691510972861
