,tNorm,xNorm,yNorm,zNorm
0,0.0033333333333333,-0.9255787986670698,0.3818563972465727,-0.6773920138096435
1,0.004079382579933815,-0.9215215207245357,0.33549345946476666,-0.67016895821745
2,0.004825431826534329,-0.9137926880794336,0.2891305216829608,-0.6629459026252567
3,0.005571481073134843,-0.9037800027723661,0.24276758390115477,-0.6557228470330632
4,0.006317530319735358,-0.9020607449098366,0.19640464611934882,-0.6484997914408697
5,0.007063579566335873,-0.9003414870473069,0.15004170833754282,-0.6412767358486762
6,0.0078096288129363865,-0.8986222291847773,0.10367877055573688,-0.6340536802564828
7,0.0085556780595369,-0.8969029713222476,0.057315832773930986,-0.6268306246642893
8,0.009301727306137417,-0.895183713459718,0.010952894992124873,-0.6196075690720958
9,0.01004777655273793,-0.8934644555971883,-0.03541004278968099,-0.6123845134799024
10,0.010793825799338446,-0.8917451977346588,-0.08177298057148707,-0.6051614578877089
11,0.011539875045938959,-0.8900259398721291,-0.12813591835329294,-0.5979384022955154
12,0.012285924292539472,-0.8883066820095995,-0.17449885613509883,-0.5907153467033219
13,0.013031973539139988,-0.8835785897624475,-0.2208617939169049,-0.5834922911111285
14,0.013778022785740501,-0.8757145292834361,-0.2446388741112731,-0.6025296923958698
15,0.014524072032341018,-0.8678504688044246,-0.19451892568039136,-0.6779730744497731
16,0.01527012127894153,-0.8599864083254132,-0.1390403221440364,-0.742263663421568
17,0.016016170525542047,-0.8587722209215336,-0.04567448362229998,-0.7905009407922644
18,0.01676221977214256,-0.858173629948721,0.04617356907965519,-0.812128788405732
19,0.017508269018743076,-0.8575750389759086,0.10057134343187257,-0.813981205984367
20,0.01825431826534359,-0.8569764480030961,0.15020756526866885,-0.813787565451958
21,0.019000367511944102,-0.8563778570302836,0.1906372014614848,-0.8096378183406798
22,0.01974641675854462,-0.8557792660574711,0.21984958576025715,-0.8039238425479428
23,0.02049246600514513,-0.8551806750846587,0.24002030616578762,-0.7969490205048484
24,0.021238515251745645,-0.8545820841118461,0.2601910265713181,-0.789974198461754
25,0.02198456449834616,-0.8539834931390337,0.34642802210443835,-0.7503574452004417
26,0.022730613744946674,-0.8533849021662212,0.38605541710257857,-0.7219083099255315
27,0.02347666299154719,-0.8527863111934086,0.418169903569518,-0.6979641574564831
28,0.024222712238147703,-0.8521877202205962,0.4236870483466085,-0.6915496707989797
29,0.02496876148474822,-0.8515891292477837,0.42920419312369895,-0.6851351841414762
30,0.025714810731348733,-0.8509905382749712,0.43472133790078943,-0.6787206974839728
31,0.02646085997794925,-0.8503919473021587,0.4402384826778799,-0.6723062108264694
32,0.027206909224549762,-0.8497933563293463,0.4457556274549704,-0.6658917241689659
33,0.027952958471150275,-0.8491947653565337,0.4512727722320608,-0.6594772375114626
34,0.02869900771775079,-0.8485961743837213,0.45678991700915134,-0.653062750853959
35,0.029445056964351304,-0.8479975834109088,0.46230706178624176,-0.6466482641964557
36,0.03019110621095182,-0.8473989924380962,0.46782420656333223,-0.6402337775389523
37,0.030937155457552334,-0.8468004014652838,0.47189999514738906,-0.6357335327924614
38,0.031683204704152854,-0.8462018104924713,0.461368399431022,-0.6305952694912259
39,0.03242925395075336,-0.8456032195196588,0.40196915534904726,-0.656917460542672
40,0.03317530319735388,-0.8450046285468463,0.28224663816426243,-0.7180898885228191
41,0.033921352443954396,-0.8444060375740339,0.1975305141398269,-0.7642729646556778
42,0.034667401690554905,-0.8438074466012213,0.18820161367354651,-0.7712826398942795
43,0.03541345093715542,-0.8432088556284089,0.18614006113824647,-0.7742732674946801
44,0.03615950018375594,-0.8426102646555964,0.18407850860294642,-0.7772638950950806
45,0.03690554943035645,-0.8420116736827838,0.18201695606764637,-0.7802545226954812
46,0.037651598676956964,-0.8414130827099714,0.17995540353234632,-0.7832451502958819
47,0.03839764792355748,-0.8408144917371588,0.17789385099704627,-0.7862357778962825
48,0.03914369717015799,-0.8402159007643464,0.16930647746510896,-0.7897703333816367
49,0.039889746416758506,-0.8396173097915339,0.15703890287805786,-0.7936116340224502
50,0.04063579566335902,-0.8390187188187214,0.14477132829100672,-0.7974529346632636
51,0.04138184490995954,-0.8384201278459089,0.1325037537039556,-0.8012942353040771
52,0.04212789415656005,-0.8378215368730965,0.12137867885948987,-0.804420491354051
53,0.042873943403160565,-0.8372229459002839,0.11577568610418307,-0.804090698548303
54,0.04361999264976108,-0.8366243549274714,0.11017269334887626,-0.803760905742555
55,0.0443660418963616,-0.836025763954659,0.10456970059356946,-0.803431112936807
56,0.04511209114296211,-0.8354271729818464,0.0989667078382627,-0.803101320131059
57,0.045858140389562624,-0.834828582009034,0.09336371508295589,-0.802771527325311
58,0.04660418963616314,-0.8342299910362215,0.08776072232764909,-0.802441734519563
59,0.04735023888276365,-0.833631400063409,0.08222198209768508,-0.8020762176323345
60,0.048096288129364166,-0.8330328090905965,0.07945448122163488,-0.8001699055786455
61,0.04884233737596468,-0.8324342181177841,0.07668698034558469,-0.7982635935249565
62,0.0495883866225652,-0.8318356271449715,0.07391947946953448,-0.7963572814712674
63,0.05033443586916571,-0.831237036172159,0.07115197859348431,-0.7944509694175783
64,0.051080485115766225,-0.8306384451993466,0.06838447771743411,-0.7925446573638893
65,0.05182653436236674,-0.8305930971059332,0.0656169768413839,-0.7906383453102003
66,0.05257258360896725,-0.8308313787450287,0.06284947596533373,-0.7887320332565112
67,0.05331863285556777,-0.831069660384124,0.06008197508928353,-0.7868257212028221
68,0.054064682102168284,-0.8313079420232194,0.057314474213233324,-0.784919409149133
69,0.0548107313487688,-0.8315462236623148,0.05454697333718313,-0.7830130970954441
70,0.05555678059536931,-0.8317845053014102,0.05177947246113295,-0.781106785041755
71,0.056302829841969826,-0.8320227869405056,0.051234243847407684,-0.7804871187343337
72,0.05704887908857034,-0.832261068579601,0.053941515656454816,-0.7817505771477855
73,0.05779492833517085,-0.8324993502186964,0.05664878746550193,-0.7830140355612373
74,0.05854097758177137,-0.8327376318577917,0.05935605927454906,-0.784277493974689
75,0.059287026828371885,-0.8329759134968872,0.06206333108359619,-0.7855409523881408
76,0.0600330760749724,-0.8332141951359825,0.06477060289264333,-0.7868044108015926
77,0.06077912532157291,-0.8334524767750779,0.06747787470169044,-0.7880678692150443
78,0.06152517456817343,-0.8336907584141733,0.07018514651073757,-0.7893313276284961
79,0.06227122381477394,-0.8339290400532687,0.0728924183197847,-0.7905947860419479
80,0.06301727306137446,-0.8341673216923641,0.07559969012883183,-0.7918582444553997
81,0.06376332230797498,-0.8344056033314594,0.07830696193787896,-0.7931217028688513
82,0.06450937155457549,-0.8346438849705549,0.0810142337469261,-0.7943851612823031
83,0.06525542080117601,-0.8348821666096502,0.08372150555597324,-0.7956486196957548
84,0.06600147004777651,-0.8351204482487457,0.08642877736502032,-0.7969120781092066
85,0.06674751929437703,-0.835358729887841,0.08913604917406745,-0.7981755365226584
86,0.06749356854097754,-0.8355970115269364,0.09184332098311458,-0.7994389949361101
87,0.06823961778757806,-0.8358352931660318,0.09455059279216171,-0.8007024533495619
88,0.06898566703417858,-0.8360735748051272,0.09725786460120886,-0.8019659117630137
89,0.06973171628077908,-0.8363118564442226,0.09996513641025594,-0.8032293701764655
90,0.0704777655273796,-0.8365501380833179,0.10267240821930307,-0.8044928285899171
91,0.07122381477398011,-0.8367884197224134,0.1053796800283502,-0.8057562870033689
92,0.07196986402058063,-0.8370267013615087,0.10808695183739733,-0.8070197454168206
93,0.07271591326718115,-0.8372649830006041,0.11079422364644448,-0.8082832038302724
94,0.07346196251378166,-0.8375032646396995,0.1135014954554916,-0.8095466622437242
95,0.07420801176038218,-0.8377415462787949,0.11620876726453874,-0.810810120657176
96,0.07495406100698268,-0.8379798279178903,0.11891603907358582,-0.8120735790706277
97,0.0757001102535832,-0.8382181095569856,0.12458357085173649,-0.8136165886092446
98,0.07644615950018371,-0.8384563911960811,0.1333122131390204,-0.8154486730588539
99,0.07719220874678423,-0.8386946728351764,0.14204085542630426,-0.8172807575084633
100,0.07793825799338475,-0.8389329544742719,0.15076949771358816,-0.8191128419580727
101,0.07868430723998526,-0.8389714576451032,0.15949814000087206,-0.820944926407682
102,0.07943035648658578,-0.8283990847903426,0.16822678228815593,-0.8227770108572914
103,0.0801764057331863,-0.7971123328667404,0.17695542457543983,-0.8246090953069006
104,0.0809224549797868,-0.7409791709106004,0.18568406686272357,-0.82644117975651
105,0.08166850422638731,-0.6974215515638879,0.19181516764631085,-0.8281108301602609
106,0.08241455347298783,-0.6903594028447629,0.1947620015426909,-0.8295813563718298
107,0.08316060271958835,-0.6901451221420984,0.19770883543907097,-0.8310518825833988
108,0.08390665196618886,-0.6887491260414427,0.20065566933545104,-0.8325224087949679
109,0.08465270121278938,-0.6554566664148751,0.20360250323183113,-0.8339929350065368
110,0.0853987504593899,-0.6174354966985749,0.2065493371282112,-0.8354634612181058
111,0.0861447997059904,-0.5801293134672441,0.2094961710245912,-0.8369339874296747
112,0.08689084895259092,-0.5309996931027785,0.21244300492097126,-0.8384045136412438
113,0.08763689819919143,-0.4237619918390758,0.21538983881735135,-0.8398750398528128
114,0.08838294744579195,-0.2451567426753925,0.21833667271373142,-0.8413455660643817
115,0.08912899669239246,-0.03400761765790261,0.22128350661011148,-0.8428160922759508
116,0.08987504593899298,0.16667071437990544,0.25376212375352686,-0.8441911214060175
117,0.0906210951855935,0.2894400089942056,0.24848127043923277,-0.8665952995502108
118,0.091367144432194,0.42102666499328895,0.24338454759634895,-0.8708084919555468
119,0.09211319367879452,0.4976117439180306,0.23893982012246004,-0.8735625082369212
120,0.09285924292539503,0.5907126726573187,0.2344950926485711,-0.8763165245182956
121,0.09360529217199555,0.6683818309413744,0.2300503651746822,-0.87907054079967
122,0.09435134141859607,0.7662161868844397,0.22560563770079325,-0.8818245570810443
123,0.09509739066519658,0.8351594590179533,0.22116091022690432,-0.8845785733624187
124,0.0958434399117971,0.8838528642418381,0.2167161827530154,-0.8873325896437931
125,0.0965894891583976,0.9183099601349212,0.21227145527912655,-0.8900866059251674
126,0.09733553840499812,0.9424772517858367,0.20782672780523764,-0.8928406222065418
127,0.09808158765159863,0.9589185120139888,0.2011774177228331,-0.8964413619200717
128,0.09882763689819915,0.9708047565698601,0.17657366909901662,-0.9069379393152956
129,0.09957368614479967,0.9792072699362664,0.14702266614604945,-0.9178252910512278
130,0.10031973539140018,0.9850975803581989,0.10842318465033027,-0.9261353020346634
131,0.1010657846380007,0.9892345871583,0.07553677927589825,-0.9256162012416931
132,0.1018118338846012,0.9921332541666645,0.04844571287286209,-0.9159495424940717
133,0.10255788313120172,0.9940752866035127,0.07675564199501791,-0.9129443345300478
134,0.10330393237780224,0.9953284294110789,0.1281011574711159,-0.904941771172511
135,0.10404998162440275,0.9960072393796245,0.18820466536156366,-0.8856408650161561
136,0.10479603087100327,0.9965277371227844,0.22086832477297696,-0.8700226318531498
137,0.10554208011760378,0.9971832253785311,0.24643048513034402,-0.856686938419013
138,0.1062881293642043,0.9976512982520248,0.2585763554137324,-0.8474877354795334
139,0.1070341786108048,0.9979578915806558,0.278450236200602,-0.8355253397283339
140,0.10778022785740532,0.9981635722922474,0.2865442460568358,-0.8289487112024287
141,0.10852627710400584,0.9983616212150669,0.28675271731312046,-0.825977357776351
142,0.10927232635060635,0.9984223840944065,0.2869611885694051,-0.8230060043502732
143,0.11001837559720687,0.9984611012244659,0.2871696598256897,-0.8200346509241955
144,0.11076442484380739,0.9984630244109158,0.28737813108197435,-0.8170632974981177
145,0.1115104740904079,0.9983201528122306,0.2903190760917044,-0.8102734962842727
146,0.1122565233370084,0.9979729737838936,0.3020356836954872,-0.7912202984408354
147,0.11300257258360892,0.9977119112858743,0.32318107354000297,-0.7538452888314179
148,0.11374862183020944,0.997638094327762,0.3191756680084421,-0.7159253081680929
149,0.11449467107680995,0.9976466420708453,0.24880703470294252,-0.7043636535426236
150,0.11524072032341047,0.9976461728844778,0.16097268538387327,-0.6737196450797119
151,0.11598676957001099,0.9974163752779577,0.18562630021100657,-0.6901530418280424
152,0.1167328188166115,0.9968761445952975,0.16177357585243704,-0.7352549451468706
153,0.117478868063212,0.9963656744640796,0.13993302650136613,-0.774039837140449
154,0.11822491730981252,0.9958194354082486,0.13119199525685615,-0.785195248619687
155,0.11897096655641304,0.995216524336046,0.12245096401234616,-0.796350660098925
156,0.11971701580301355,0.9945411541268655,0.11370993276783617,-0.807506071578163
157,0.12046306504961407,0.9935763767601076,0.10496890152332618,-0.8186614830574009
158,0.12120911429621459,0.9920720354749247,0.09622787027881619,-0.829816894536639
159,0.1219551635428151,0.989634933298893,0.05759428705237572,-0.8717903118644549
160,0.12270121278941562,0.9860562111025377,0.01697430975484807,-0.9062675869250928
161,0.12344726203601612,0.9848812830975816,-0.019072629986439764,-0.9285490878538892
162,0.12419331128261664,0.9844775522438179,-0.05638589311707013,-0.9421241668432055
163,0.12493936052921716,0.9822402354586625,-0.0969604899741286,-0.9490534083585775
164,0.12568540977581769,0.977962762487413,-0.12830605981902338,-0.9515775217077996
165,0.1264314590224182,0.9722819099346921,-0.15607624795561956,-0.9497705193371028
166,0.12717750826901872,0.9656489261509221,-0.18992227366032563,-0.9424598698753882
167,0.12792355751561924,0.956553448415668,-0.22823768214207388,-0.9295834735957237
168,0.12866960676221972,0.9517054411879815,-0.27919025280629844,-0.9090583776844585
169,0.12941565600882024,0.9424858919464852,-0.34661482794793713,-0.8789897791022055
170,0.13016170525542076,0.9355356080531669,-0.39646346872394556,-0.8506100546765414
171,0.13090775450202127,0.9278437954812668,-0.44127944420969956,-0.8221601690247459
172,0.1316538037486218,0.922425487997884,-0.46146548417098204,-0.8064466561843762
173,0.1323998529952223,0.9202418593017081,-0.46114911148715126,-0.8047906936959865
174,0.13314590224182282,0.9239882954272939,-0.430283848421227,-0.8207817648947056
175,0.13389195148842334,0.9305658203503606,-0.41278337055770253,-0.8234915971962136
176,0.13463800073502386,0.9342375703083132,-0.3540764255556903,-0.8600020206502353
177,0.13538404998162437,0.9389482420617877,-0.31905456895383166,-0.887538776838197
178,0.13613009922822486,0.9428509238130381,-0.3079269144537931,-0.9027263140992228
179,0.13687614847482538,0.9473861853701437,-0.287089487677927,-0.915577313186753
180,0.1376221977214259,0.9504732761899765,-0.26690233732951724,-0.9234377938608752
181,0.1383682469680264,0.9519986927671675,-0.2566544625776747,-0.9240087785621162
182,0.13911429621462693,0.9509949956028569,-0.2592673034379938,-0.9167615219616125
183,0.13986034546122744,0.9474908290466006,-0.22576174746426197,-0.9311092374574308
184,0.14060639470782796,0.94442857628925,-0.18842940820062246,-0.9500893344033571
185,0.14135244395442847,0.9463441218251096,-0.16476516463760135,-0.9630640355060095
186,0.142098493201029,0.9489185484177577,-0.15012224416997014,-0.9717476298503387
187,0.1428445424476295,0.951465712622326,-0.14286118286261693,-0.9774845285656726
188,0.14359059169423002,0.9524251387978966,-0.14088022935110806,-0.9810761685961873
189,0.14433664094083054,0.9529718143324578,-0.14515309967586087,-0.9828415210053053
190,0.14508269018743106,0.9528060546404836,-0.15290173499618415,-0.9834148435074486
191,0.14582873943403157,0.9536416958396107,-0.1559021393863891,-0.984279879673127
192,0.14657478868063206,0.9554055656447553,-0.15861003410886793,-0.9848490682088172
193,0.14732083792723258,0.9571936307177765,-0.16271250074880034,-0.9848903974755819
194,0.1480668871738331,0.9551207995565154,-0.1668445587584398,-0.9846872691866092
195,0.1488129364204336,0.9527917614048342,-0.1703577772749192,-0.9844306828854877
196,0.14955898566703413,0.9465019438319775,-0.17386921798447114,-0.9840642166169716
197,0.15030503491363464,0.9353070301220759,-0.17612298832195147,-0.9838406077820891
198,0.15105108416023516,0.9193944315941666,-0.17814494896398334,-0.983593896675699
199,0.15179713340683568,0.8977277823360599,-0.1804688764990708,-0.9832419531364142
200,0.1525431826534362,0.8718725372580525,-0.18363658847010184,-0.9826962758900413
201,0.1532892319000367,0.8347738489820494,-0.18759552872123536,-0.9819689238136501
202,0.15403528114663723,0.780490901982598,-0.1911638298542838,-0.9812835037968273
203,0.15478133039323774,0.7147615583412443,-0.19671694188205546,-0.980196141994164
204,0.15552737963983826,0.7158751247545967,-0.20230814394749835,-0.9790693395691843
205,0.15627342888643878,0.7250014140627936,-0.20704812844413506,-0.9780952309744854
206,0.1570194781330393,0.7406822830776102,-0.21070940384942274,-0.9773282143382962
207,0.15776552737963978,0.7718211250513007,-0.21368380302671652,-0.9766878209526337
208,0.1585115766262403,0.8198495835629473,-0.21656790062378556,-0.9760439857211639
209,0.1592576258728408,0.8648534819598666,-0.22111113938966576,-0.9750174964705215
210,0.16000367511944133,0.8968512268606591,-0.22597352318472472,-0.973895118687403
211,0.16074972436604185,0.9165826724976412,-0.23068815446739283,-0.9727747946033786
212,0.16149577361264236,0.9285261238162427,-0.23576188097989087,-0.9715387130560783
213,0.16224182285924288,0.9345170141068093,-0.2413118524073612,-0.9701685388489494
214,0.1629878721058434,0.9349650579117046,-0.24548965443518872,-0.9691141059611561
215,0.1637339213524439,0.9292771726408835,-0.24916829310927766,-0.9681519282319719
216,0.16447997059904443,0.9169886463865988,-0.25251751199301836,-0.9672369645328152
217,0.16522601984564494,0.9290600675842634,-0.2556418946357681,-0.9663371904698592
218,0.16597206909224546,0.9456663378854849,-0.25874169854635193,-0.9653907543304352
219,0.16671811833884598,0.9567390068748537,-0.2567480846684151,-0.9658814240792369
220,0.1674641675854465,0.9635653319602622,-0.2570732958804719,-0.9657181831532962
221,0.16821021683204698,0.9689833226751904,-0.26234050577981033,-0.9642635577779812
222,0.1689562660786475,0.9729250409753251,-0.27094428983724606,-0.9619016630329521
223,0.16970231532524802,0.975725389383564,-0.2797699095116839,-0.9593917541639968
224,0.17044836457184853,0.9778043349988548,-0.28839697597446184,-0.9568633648770475
225,0.17119441381844905,0.9786294153272596,-0.29638433108402523,-0.9544493426476324
226,0.17194046306504956,0.979341868899066,-0.30046173811016064,-0.9532695624485612
227,0.17268651231165008,0.9783959397643409,-0.30468762198811855,-0.9519993525334559
228,0.1734325615582506,0.976742202478081,-0.3097639298218346,-0.9504005171095958
229,0.17417861080485111,0.9756427869266809,-0.31468100794459486,-0.9488091399439572
230,0.17492466005145163,0.9732172838847131,-0.318775966532279,-0.9474554045791093
231,0.17567070929805215,0.9695004299724808,-0.32416547742716717,-0.9456294550087988
232,0.17641675854465266,0.9643060765794017,-0.32945892974976493,-0.9437985021324311
233,0.17716280779125318,0.9581857513117213,-0.33353385895520643,-0.9423545189863893
234,0.1779088570378537,0.9499666707216718,-0.3378791012383321,-0.9407714943131794
235,0.17865490628445418,0.9447374592295161,-0.3429941213969797,-0.9388641793791715
236,0.1794009555310547,0.938454799558344,-0.34962249641598864,-0.9363542560643439
237,0.18014700477765522,0.930547173155664,-0.35544717711312546,-0.9340817450597295
238,0.18089305402425573,0.9254331820450572,-0.3601653615192103,-0.932159896915995
239,0.18163910327085625,0.9208838880965983,-0.3645074419651394,-0.9302935442754402
240,0.18238515251745677,0.9139353745370141,-0.3698283334295597,-0.9279434842762758
241,0.18313120176405728,0.9028487684076852,-0.3765161113724723,-0.9249252714466899
242,0.1838772510106578,0.889996043572412,-0.38726373574296036,-0.920182487110413
243,0.18462330025725832,0.8764497161943546,-0.3992819646442038,-0.9147477683620721
244,0.18536934950385883,0.8654660012571539,-0.4119574039209836,-0.9087614229933708
245,0.18611539875045935,0.8507959226893443,-0.42382807723342536,-0.9028666932570587
246,0.18686144799705987,0.83672260698474,-0.4319091754632823,-0.8985857929418969
247,0.18760749724366038,0.8233930118167945,-0.44360981154365675,-0.8922633702097
248,0.1883535464902609,0.812248002022896,-0.45489562982905907,-0.88567720062441
249,0.1890995957368614,0.8112438187229458,-0.4667506529967048,-0.8782178778603301
250,0.1898456449834619,0.8142282120261429,-0.477319377420293,-0.8707759587364545
251,0.19059169423006242,0.8193738417216758,-0.467698182325977,-0.877012406415559
252,0.19133774347666294,0.8286526688754084,-0.4594129887758712,-0.8829910810368611
253,0.19208379272326345,0.8429499715851139,-0.45243827057468256,-0.8876366367354112
254,0.19282984196986397,0.8540257497113019,-0.45232421550530505,-0.8885553401711299
255,0.19357589121646449,0.8580773653215737,-0.45792417863789125,-0.8863975718679005
256,0.194321940463065,0.8590472119053327,-0.4641211116618829,-0.88362859897186
257,0.19506798970966552,0.8614994808351188,-0.47133712347170903,-0.8800824214650302
258,0.19581403895626603,0.8648907957106217,-0.48085799657305545,-0.8751107121125099
259,0.19656008820286655,0.8645766095386191,-0.49083747265487954,-0.8696910382900994
260,0.19730613744946707,0.8651811363921517,-0.49959508125734337,-0.8647801453609502
261,0.19805218669606758,0.8654987397805393,-0.5075421420126711,-0.8601457353273119
262,0.1987982359426681,0.8642708626633127,-0.5175519986240774,-0.8541313211794714
263,0.19954428518926862,0.8623088879544504,-0.5285333644111989,-0.8474046131695242
264,0.2002903344358691,0.8644867377979352,-0.5379038146459981,-0.841531600481349
265,0.20103638368246962,0.86752674217913,-0.5476929254642582,-0.83522626437401
266,0.20178243292907014,0.8715416363133011,-0.5569460022150097,-0.8290947714134291
267,0.20252848217567065,0.8776810650146617,-0.5650553384356105,-0.8235666790520797
268,0.20327453142227117,0.882638714397159,-0.5708357347854479,-0.8194929413820412
269,0.2040205806688717,0.8867813065368684,-0.5753317683821879,-0.8161263949618089
270,0.2047666299154722,0.8903222903945508,-0.5816434491439787,-0.8112737860707773
271,0.20551267916207272,0.893491644240144,-0.5875814342691371,-0.8064234677389406
272,0.20625872840867324,0.8939097093681124,-0.5913437064621357,-0.8028577997543525
273,0.20700477765527375,0.8962656311633632,-0.5982113747666651,-0.7970788142260263
274,0.20775082690187427,0.8998496945089203,-0.6090428371899871,-0.7885557885243037
275,0.20849687614847479,0.9024798273145551,-0.6167557863576568,-0.7819439428104619
276,0.2092429253950753,0.9040188575940279,-0.6267302273101973,-0.7730153424316519
277,0.20998897464167582,0.9042430162113639,-0.6342150102939882,-0.7655081845868482
278,0.2107350238882763,0.9026488408409966,-0.6368626833459694,-0.7614460097472623
279,0.21148107313487682,0.9011447374269992,-0.6509895998504037,-0.7484823359386713
280,0.21222712238147734,0.9000623384728487,-0.6592885829521697,-0.7396091570001986
281,0.21297317162807786,0.9022174860135381,-0.6715846033435642,-0.7261342291855712
282,0.21371922087467837,0.9057980085389259,-0.6864596086870656,-0.7097610568411886
283,0.2144652701212789,0.9078451966120789,-0.7097806568576902,-0.6857170073031379
284,0.2152113193678794,0.9082960329211017,-0.7368235196467539,-0.6577361686765104
285,0.21595736861447992,0.9088845771845178,-0.7610663721100348,-0.6306230185515181
286,0.21670341786108044,0.908085225420283,-0.7809930234103456,-0.6065950680861877
287,0.21744946710768095,0.9055698732724626,-0.8039550919196934,-0.5769919235961679
288,0.21819551635428147,0.9049891832681412,-0.8212252913759684,-0.5536394615476401
289,0.218941565600882,0.9034588765914433,-0.8345498756681794,-0.5343975767457574
290,0.2196876148474825,0.9022996860384944,-0.84243342932781,-0.5221759333763736
291,0.22043366409408302,0.9035074802414214,-0.8457276438674652,-0.5156844856096165
292,0.2211797133406835,0.9045165661425758,-0.8570488751724462,-0.4974650462132407
293,0.22192576258728403,0.9055160248531917,-0.8662968184106316,-0.4848071384638635
294,0.22267181183388454,0.9068619713943205,-0.8721154508023399,-0.47693356123003544
295,0.22341786108048506,0.9076655271813557,-0.8767843426555482,-0.46950494553126415
296,0.22416391032708557,0.9069234648262001,-0.8820588292873396,-0.4602393074194581
297,0.2249099595736861,0.9061886755353391,-0.8825808248519962,-0.4600876789843612
298,0.2256560088202866,0.905446045804841,-0.8841419825600659,-0.456862095127219
299,0.22640205806688712,0.9047186854132379,-0.886077406870844,-0.45196984002144497
300,0.22714810731348764,0.9043657385551974,-0.8854131641225709,-0.4509215444566134
301,0.22789415656008816,0.9049115273078188,-0.8808186986382972,-0.45640917843483203
302,0.22864020580668867,0.9039774489497217,-0.8850046608876557,-0.44722866855281795
303,0.2293862550532892,0.9036423991646009,-0.8938693099959051,-0.4277473657232372
304,0.2301323042998897,0.9034648746501159,-0.9021249589528887,-0.407502820114717
305,0.23087835354649022,0.9041612277905936,-0.9052044545664767,-0.3975610701075374
306,0.2316244027930907,0.9060696857426053,-0.9067533990188007,-0.3878405249770311
307,0.23237045203969123,0.9068722818531966,-0.9047845445014265,-0.38228848097301305
308,0.23311650128629174,0.906955034912376,-0.9051639878902781,-0.3677864011507784
309,0.23386255053289226,0.907466772521017,-0.9056474400610544,-0.34735781144249184
310,0.23460859977949278,0.9084661215123612,-0.9018854464303906,-0.3278165967110408
311,0.2353546490260933,0.9094528967806137,-0.89305386661501,-0.30736721531036215
312,0.2361006982726938,0.9112923056068634,-0.8754779165425141,-0.29008018308562833
313,0.23684674751929433,0.9131035157024414,-0.84536733732606,-0.2817208707075533
314,0.23759279676589484,0.9147898256232895,-0.8011726618703726,-0.27257825485402737
315,0.23833884601249536,0.9165181767635746,-0.736671010755088,-0.2643062508134987
316,0.23908489525909588,0.918145906711074,-0.6430469453189501,-0.2599697266426132
317,0.2398309445056964,0.9204272878592947,-0.646028733898768,-0.2410943691227201
318,0.2405769937522969,0.9230699076239345,-0.6765636169204474,-0.2151665012452711
319,0.24132304299889742,0.9247323901622417,-0.6682731713865009,-0.1980811559415613
320,0.24206909224549794,0.92591721855255,-0.6354330614392041,-0.18249827938787488
321,0.24281514149209843,0.9266702776377441,-0.7420821644876293,-0.12865204107502537
322,0.24356119073869895,0.9280267711650882,-0.8174649961614869,-0.08400623535377826
323,0.24430723998529946,0.9297738479413449,-0.8704915701730361,-0.04637554536386772
324,0.24505328923189998,0.9305478938707216,-0.9075384831748008,-0.012865375808666764
325,0.2457993384785005,0.9313186534472205,-0.9330869721219966,0.018378014820692224
326,0.246545387725101,0.9333502996293361,-0.9503355363369883,0.047843989904701095
327,0.24729143697170153,0.9354954284968447,-0.9615966019298106,0.07505853530462392
328,0.24803748621830204,0.9375693955026865,-0.9682294269494157,0.10169347095447276
329,0.24878353546490256,0.9394713064227893,-0.9714476587922335,0.12804045192074834
330,0.24952958471150308,0.9409218985065618,-0.9723108483020222,0.1534697559342944
331,0.2502756339581036,0.9427689054534225,-0.971358341436417,0.17811900545124365
332,0.25102168320470414,0.9444993262174602,-0.9689380899462149,0.2022844463837578
333,0.2517677324513046,0.946170742687004,-0.9652775205468167,0.22625708283442125
334,0.25251378169790517,0.9480723578157071,-0.960554366382976,0.2501269863323847
335,0.25325983094450566,0.9502593037351034,-0.9550190363406704,0.27348397295929605
336,0.25400588019110615,0.9522485500651536,-0.949076555122378,0.2953005628411056
337,0.2547519294377067,0.9538853654375972,-0.9423487875334855,0.31687937853113035
338,0.2554979786843072,0.9559477311357759,-0.9345725177190692,0.3393444518062582
339,0.2562440279309077,0.9584392971767659,-0.9256032587785393,0.3630534297809385
340,0.2569900771775082,0.961245395236348,-0.915563034078013,0.3876186754672184
341,0.25773612642410876,0.9643680252061735,-0.9046714878309634,0.4123778125912601
342,0.25848217567070925,0.9674706027483048,-0.8931142972029192,0.43692265227459204
343,0.25922822491730974,0.9699127025600902,-0.8809428587316134,0.4611144957543295
344,0.2599742741639103,0.9723219270389029,-0.8685346272779453,0.4842709639184034
345,0.26072032341051077,0.9743204441856496,-0.855482370057337,0.5070759734405068
346,0.2614663726571113,0.9761507740385311,-0.8424974987639906,0.5283993379062092
347,0.2622124219037118,0.9773385974532837,-0.8286396800975756,0.5498409432730413
348,0.26295847115031235,0.9781391830184821,-0.813777924629364,0.5715680995574806
349,0.26370452039691283,0.9799189621363666,-0.7981148189783283,0.5932789282104052
350,0.2644505696435134,0.9822714411256438,-0.7827637598812077,0.6134711161749179
351,0.26519661889011387,0.9846338711531153,-0.7663251740659177,0.6339628391989078
352,0.2659426681367144,0.9863368848178586,-0.7496877015295684,0.6537008171123839
353,0.2666887173833149,0.9880058994379133,-0.7326922024191481,0.6728161602125512
354,0.26743476662991544,0.9901590537404215,-0.7158835572980291,0.6907071760994489
355,0.26818081587651593,0.9917401487532542,-0.6986007041255035,0.7081628975917151
356,0.2689268651231164,0.9933651585620838,-0.6806108171090368,0.7254060620004236
357,0.26967291436971697,0.9944972041691511,-0.6615186358121464,0.7428050223739403
358,0.27041896361631745,0.9953876297094575,-0.6423554664600539,0.7594167678467496
359,0.271165012862918,0.9960491124864109,-0.6229499025536025,0.7753671533661881
360,0.2719110621095185,0.9962836383200876,-0.602537855527887,0.7912814551335164
361,0.27265711135611903,0.9961667158616963,-0.5811215240200639,0.8071267155642667
362,0.2734031606027195,0.995548313788855,-0.559614389147024,0.8221418760048184
363,0.27414920984932006,0.9945642559899232,-0.5373221706075703,0.8368676763811698
364,0.27489525909592055,0.9938047105097054,-0.5146811914338292,0.8510249909124714
365,0.2756413083425211,0.9927037315781969,-0.49249381866759834,0.8641380260786216
366,0.2763873575891216,0.9909412328429469,-0.4699244732312552,0.8767032293865119
367,0.27713340683572213,0.9882917926692797,-0.4467558985847398,0.8888753009367085
368,0.2778794560823226,0.9850929056129808,-0.42347995758163687,0.9003893550998305
369,0.27862550532892316,0.9804349941497905,-0.4007260328567941,0.9109871904279133
370,0.27937155457552365,0.973465983894404,-0.37906222641419357,0.9204396604054971
371,0.28011760382212414,0.9633899681497294,-0.35795477762413913,0.9290238698499592
372,0.2808636530687247,0.949079741304249,-0.3365764106017834,0.9371418381979519
373,0.28160970231532517,0.9305140070671791,-0.31566437005681586,0.9445376419085507
374,0.2823557515619257,0.9127629805618728,-0.29478206816187963,0.9513979950514205
375,0.2831018008085262,0.9047058470475836,-0.274607470073508,0.9575352997136147
376,0.28384785005512675,0.8984877768696862,-0.25430803650405276,0.9632101766560135
377,0.28459389930172724,0.8880273000783213,-0.23319929887755528,0.9686205305318636
378,0.2853399485483278,0.880419550859073,-0.212429808328486,0.9734817082388925
379,0.28608599779492827,0.8783385801687763,-0.19188354173125102,0.9777984451011814
380,0.2868320470415288,0.8853787318080322,-0.17245059765751541,0.9814606333863336
381,0.2875780962881293,0.9058921048655797,-0.15310227238921953,0.9846740181708682
382,0.28832414553472985,0.9152709440634866,-0.13245858705451669,0.9877112178217771
383,0.28907019478133034,0.9149009514992494,-0.11330371208811567,0.9901309444471318
384,0.2898162440279308,0.9043737449529617,-0.09397889090485899,0.992145575664716
385,0.29056229327453137,0.883204112750189,-0.07771457207745348,0.9935442508963511
386,0.29130834252113186,0.8502358795329362,-0.059392199152937065,0.9947364764323965
387,0.2920543917677324,0.798246497229593,-0.037514937442039716,0.9957384248319768
388,0.2928004410143329,0.7269346530026903,-0.015710475225942776,0.9962892128619651
389,0.29354649026093343,0.6442919181023619,0.0060471868446412905,0.9964000370831904
390,0.2942925395075339,0.5911841275037067,0.027724947687606347,0.9960712568282942
391,0.29503858875413447,0.5572910364982314,0.04921885120142658,0.9953198997565122
392,0.29578463800073496,0.5125812684259219,0.06966224643635809,0.9942042652016098
393,0.2965306872473355,0.4875211471795644,0.0903569375309085,0.9926541955501607
394,0.297276736493936,0.48498362460683714,0.11043604821657711,0.9907739209012159
395,0.29802278574053653,0.49849203025827904,0.12762389389969195,0.9888579403157547
396,0.298768834987137,0.49052216984194696,0.1450277539172545,0.9865284781305408
397,0.29951488423373757,0.5130504011166535,0.16148342981666955,0.9839847271686326
398,0.30026093348033805,0.5363630351667199,0.17884819607801752,0.980949820598369
399,0.30100698272693854,0.5744847210463273,0.1969970076383839,0.977412945585746
400,0.3017530319735391,0.6125469923015148,0.2157763475567785,0.973414935741743
401,0.3024990812201396,0.6430384056868537,0.23457296090904614,0.9690382579172633
402,0.3032451304667401,0.6698808332120483,0.25378657011917655,0.9641890377643347
403,0.3039911797133406,0.7067018712596248,0.2723817041944772,0.9591295348510276
404,0.30473722895994115,0.7360128745892272,0.28883455417543086,0.9542881419011395
405,0.30548327820654164,0.7608686026910154,0.306713409878689,0.9486454491581997
406,0.3062293274531422,0.7787393517783088,0.32491857819565845,0.9425067175431853
407,0.3069753766997427,0.7908005133488641,0.3435832736929057,0.9358274717515964
408,0.3077214259463432,0.7985363324439816,0.361532480851811,0.929009639659499
409,0.3084674751929437,0.8033181429285549,0.38059251775014197,0.9213548176036359
410,0.30921352443954425,0.8024186960363394,0.39966336162433486,0.9133162683676993
411,0.30995957368614474,0.7994745073788879,0.41788489415685043,0.9052375887349349
412,0.3107056229327453,0.7952217439306253,0.4355986329497393,0.8969727886152506
413,0.3114516721793458,0.7995055232332675,0.45167031892812626,0.8891076768570794
414,0.31219772142594626,0.8059324547858471,0.46716832777363637,0.8811592225931172
415,0.3129437706725468,0.813832046861835,0.481945675611331,0.873224541318697
416,0.3136898199191473,0.8207357135254503,0.4973023534060033,0.8646052910454848
417,0.31443586916574784,0.8278921911288383,0.5123239946898143,0.8558676940220388
418,0.3151819184123483,0.8334982698338562,0.5268100206933259,0.8470914801013286
419,0.31592796765894887,0.8399270956863453,0.541529508413853,0.8378182076275321
420,0.31667401690554936,0.843378950563936,0.5551534540914271,0.8289081359160455
421,0.3174200661521499,0.8500937008054861,0.5681110337657296,0.8200610225336697
422,0.3181661153987504,0.8623567546541715,0.5812030214456189,0.8107636763451614
423,0.31891216464535094,0.8762601335492473,0.5949689380746043,0.8006158283065309
424,0.3196582138919514,0.8907143878465734,0.6098408852870101,0.789286381463449
425,0.32040426313855197,0.9050746037083028,0.6248469375982401,0.7774604187665306
426,0.32115031238515246,0.9168723370598445,0.6394579858331023,0.7655560477774274
427,0.32189636163175295,0.9260131590143841,0.6530242829034826,0.7541326530466069
428,0.3226424108783535,0.9338476096028929,0.6653365351509812,0.7434088635051975
429,0.323388460124954,0.9399786923599981,0.6763715227696714,0.7334227054686504
430,0.3241345093715545,0.9454694008053868,0.6872398421232402,0.7231880631841734
431,0.324880558618155,0.9497823730690885,0.6989548217099972,0.7117570552923922
432,0.32562660786475556,0.9537850466144452,0.7118559689391533,0.698762378964035
433,0.32637265711135605,0.9569577160849699,0.7251952691674522,0.684913781736841
434,0.3271187063579566,0.9596420986188744,0.7373607967937028,0.6718918160370432
435,0.3278647556045571,0.9619264375628013,0.7488279785037276,0.6591911246167583
436,0.3286108048511576,0.9641552219850186,0.7587992653584992,0.6477928805629742
437,0.3293568540977581,0.9679950323156352,0.7684723808660782,0.6362928758355574
438,0.33010290334435866,0.9703317110262828,0.7792865273761507,0.6229959681538202
439,0.33084895259095914,0.973632793975894,0.788959888626139,0.6106931503939161
440,0.3315950018375597,0.9758929214181247,0.7993576855068286,0.5970116354966281
441,0.3323410510841602,0.9769515150051028,0.8101157212963731,0.5823848744468143
442,0.33308710033076067,0.9779041331031009,0.8202092471871623,0.5682516508789809
443,0.3338331495773612,0.9770882378981037,0.8289665709853847,0.5556024897398915
444,0.3345791988239617,0.9751104781677232,0.8375093481788705,0.5428144595235732
445,0.33532524807056224,0.9804182864055225,0.8451901025391033,0.5309364129388401
446,0.33607129731716273,0.9846156825114032,0.8525107551361738,0.5191523440720088
447,0.3368173465637633,0.988546811967108,0.8600136304874116,0.506632511768544
448,0.33756339581036376,0.9912754610908631,0.8672499474831808,0.494119291160271
449,0.3383094450569643,0.9929883189055976,0.8743981452435647,0.48129457128277464
450,0.3390554943035648,0.9938882590215103,0.882027075571199,0.46713027369866233
451,0.33980154355016534,0.9947655382439089,0.8895193662261787,0.4527607918383806
452,0.34054759279676583,0.9955218081929286,0.8962785012960829,0.4393358421987282
453,0.3412936420433664,0.9961935656878301,0.901560788285422,0.42850731429762706
454,0.34203969128996686,0.9966687602574811,0.9065719719785594,0.41771647159452463
455,0.3427857405365674,0.9969917800300031,0.9112497053053872,0.4070871579085327
456,0.3435317897831679,0.9972759026660654,0.9165276753370789,0.3945643533422395
457,0.3442778390297684,0.9975536247458086,0.9217281447205516,0.3815797411230273
458,0.34502388827636893,0.9976026699712894,0.9271532538361471,0.3673270200999237
459,0.3457699375229694,0.9974253894977054,0.9331297058495193,0.35091474123672645
460,0.34651598676956996,0.9970361007561895,0.9385281823000444,0.33500102736702386
461,0.34726203601617045,0.9963298264567887,0.9433549950470946,0.3194187140950975
462,0.348008085262771,0.9953108805306415,0.9485485901294517,0.30128775475846603
463,0.3487541345093715,0.9940947064178148,0.9527945620154493,0.28408169354147983
464,0.349500183755972,0.9936031896224036,0.9567347880881396,0.26544820868573143
465,0.3502462330025725,0.9923199348761368,0.9595346906056718,0.2476215213084259
466,0.35099228224917306,0.9900916649631315,0.9609898126774901,0.23054736149323643
467,0.35173833149577355,0.9867621097732503,0.9606820057394062,0.21465122773235043
468,0.3524843807423741,0.982851001835534,0.9582283075704973,0.19956114022610533
469,0.3532304299889746,0.979647967990933,0.952811444487979,0.18610754785916936
470,0.35397647923557507,0.9769728712644377,0.9437055289168421,0.17304331330198175
471,0.3547225284821756,0.9734461564239033,0.929238023433518,0.15944736715059404
472,0.3554685777287761,0.9696469066429003,0.9074504456600806,0.14462851259071133
473,0.35621462697537665,0.9653257155450604,0.8753476333971295,0.1297237522590279
474,0.35696067622197714,0.9613312984841095,0.8285204230474452,0.11627640283905098
475,0.3577067254685777,0.9586311692604057,0.7613367863338738,0.10195506474896009
476,0.35845277471517817,0.9562352253239595,0.6653981814234096,0.0872242759744456
477,0.3591988239617787,0.9537045245347605,0.5288179484252702,0.07388268036367138
478,0.3599448732083792,0.950697787581758,0.33510998552809856,0.06158642938155113
479,0.36069092245497975,0.9473177920371918,0.06493188928301723,0.05117751903706388
480,0.36143697170158023,0.9425772578045561,-0.11166922922033812,0.04648570581912049
481,0.3621830209481808,0.9378933833184491,-0.3730183858394968,0.04464831098384922
482,0.36292907019478127,0.9333675750963029,-0.5577322951076191,0.046932900125579505
483,0.3636751194413818,0.9275232537578522,-0.6880823850673976,0.05127509130104597
484,0.3644211686879823,0.9207978716306139,-0.7798698831843173,0.0573364591482058
485,0.3651672179345828,0.9139693807475819,-0.8443131553497016,0.06479530370130338
486,0.36591326718118333,0.9068805121023003,-0.8893807141314051,0.07310729972317077
487,0.3666593164277838,0.8986914959995064,-0.9207614682871085,0.08131605692590872
488,0.36740536567438437,0.8867474526477745,-0.9421940509055284,0.08570296043613872
489,0.36815141492098485,0.8741928699112809,-0.957378537554399,0.0862287526084704
490,0.3688974641675854,0.8614701071816598,-0.9678471457489018,0.08638400634606609
491,0.3696435134141859,0.847718213620599,-0.9747041881343368,0.08824722437616174
492,0.37038956266078643,0.8291491816834362,-0.9788531912103173,0.09143127050601291
493,0.3711356119073869,0.8051065268144407,-0.9808974989090433,0.09473848018769067
494,0.37188166115398746,0.7799199274942306,-0.9808517827950876,0.10148225870812079
495,0.37262771040058795,0.7526029773204558,-0.9788321038102555,0.1109577726674055
496,0.3733737596471885,0.7240338532629909,-0.9754089895081429,0.11639496995151373
497,0.374119808893789,0.6937443874523685,-0.9699493457813899,0.11949517400174199
498,0.3748658581403895,0.6608377248509331,-0.9617820835652682,0.12138369494100142
499,0.37561190738699,0.6271654834341716,-0.9504244802541698,0.11855952018943176
500,0.3763579566335905,0.5929629977909083,-0.9339125088494722,0.11525234183051401
501,0.37710400588019105,0.5621973595574153,-0.9098351994066124,0.11414873902854732
502,0.37785005512679154,0.5328171119968279,-0.8751932116879909,0.11616609616319751
503,0.3785961043733921,0.5024177484060202,-0.8259560135065185,0.12015553291101057
504,0.3793421536199926,0.4690450684253921,-0.7558330948698473,0.12749806713839668
505,0.3800882028665931,0.43722248336014047,-0.6791716212590205,0.14161756603231726
506,0.3808342521131936,0.4074857438231658,-0.7604419986449129,0.1525315936934002
507,0.38158030135979415,0.3780817583564265,-0.814958800831567,0.15987281920011534
508,0.38232635060639464,0.3507235731187977,-0.8477232507651389,0.1740535331389548
509,0.3830723998529952,0.32286916076358285,-0.8638472482403938,0.18655125758959373
510,0.38381844909959567,0.2939813403396979,-0.8639810905168409,0.20946365495394165
511,0.3845644983461962,0.26522585129976906,-0.8474633044997332,0.2517794489605761
512,0.3853105475927967,0.23918933527861208,-0.8123141987455809,0.31986162674445584
513,0.3860565968393972,0.21129559640969384,-0.754797209185467,0.4056645439887039
514,0.38680264608599774,0.19075619419883014,-0.6679675270386283,0.5227981704869862
515,0.3875486953325982,0.18081309185655536,-0.5606432811376385,0.6432626905639975
516,0.38829474457919877,0.1794813617361956,-0.4595061250815068,0.7375891134362417
517,0.38904079382579926,0.1877153770469308,-0.3674713114799707,0.8091227499211705
518,0.3897868430723998,0.21232846989034984,-0.2903575970286252,0.8614729413762998
519,0.3905328923190003,0.2540012970991852,-0.21829773755513052,0.9008040112858997
520,0.39127894156560084,0.32316159826672397,-0.15462766286221938,0.9296040770618992
521,0.3920249908122013,0.4303901904168416,-0.10383112392668296,0.9494888220051401
522,0.39277104005880187,0.5701292442026489,-0.06600698103904058,0.9627222953481476
523,0.39351708930540236,0.6632880993892704,-0.04530479061655194,0.9702450935182427
524,0.3942631385520029,0.7200325941566506,-0.045306137628426,0.9714576740123108
525,0.3950091877986034,0.7464570913657165,-0.04530748464030007,0.9726702545063786
526,0.39575523704520393,0.7457765548417146,-0.045308831652174135,0.9738828350004466
527,0.3965012862918044,0.719291174883496,-0.045310178664048205,0.9750954154945144
528,0.3972473355384049,0.6809684766589278,-0.04531152567592227,0.9763079959885823
529,0.39799338478500546,0.6402093305860098,-0.04531287268779634,0.9775205764826502
530,0.39873943403160594,0.6010597258407352,-0.04743771505515057,0.9833140922199829
531,0.3994854832782065,0.5719775158048475,-0.05253111240350813,0.9871610427290224
532,0.400231532524807,0.5557762965443713,-0.05919463757824843,0.9895398579311844
533,0.4009775817714075,0.5484315044582234,-0.0688705557750378,0.9907167455342014
534,0.401723631018008,0.5445062861826193,-0.08052548207770176,0.9909183647028917
535,0.40246968026460855,0.5442273512168633,-0.0959064811030089,0.9901526621919969
536,0.40321572951120904,0.5510813035680332,-0.11482010124977653,0.9884597938722697
537,0.4039617787578096,0.562362663985486,-0.1360377944458422,0.985919652567319
538,0.4047078280044101,0.5756413188430735,-0.1587215859737974,0.9825694099351129
539,0.4054538772510106,0.5882986908562183,-0.18248581315946294,0.9784320887653061
540,0.4061999264976111,0.6018882468568483,-0.20898188377419732,0.9732669036655965
541,0.4069459757442116,0.6159315448972138,-0.23310487816542377,0.9681191945353448
542,0.40769202499081214,0.6288714542540068,-0.25274318468103235,0.963601395179406
543,0.40843807423741263,0.6423340050812059,-0.27088864714183086,0.9589970943013856
544,0.4091841234840132,0.6565998303084152,-0.2882027334253432,0.9541913370356713
545,0.40993017273061366,0.6697370783981693,-0.3026813010650903,0.9498692448553961
546,0.4106762219772142,0.6824661558318263,-0.3124863363973211,0.9467301301739369
547,0.4114222712238147,0.6945045680680556,-0.3200640421702288,0.9439147514617728
548,0.41216832047041524,0.706144009499896,-0.3269658103499664,0.9408967843363123
549,0.41291436971701573,0.7163237668906828,-0.3326705295845286,0.9377826324730397
550,0.41366041896361627,0.722242003050123,-0.33716466176253884,0.9344503957631805
551,0.41440646821021676,0.7247576966318265,-0.34023340787838513,0.9307721855181934
552,0.4151525174568173,0.7241253990900265,-0.34232804993564725,0.926273217476585
553,0.4158985667034178,0.7179005835278331,-0.34307776420906305,0.9206462118360207
554,0.41664461595001834,0.7069944358047882,-0.3392579389706445,0.9145367740221815
555,0.4173906651966188,0.6855674969205231,-0.32804760363610536,0.9078752478020027
556,0.4181367144432193,0.6579759697431239,-0.3085870278403743,0.8996301310243574
557,0.41888276368981986,0.6485743824751495,-0.27795142865962125,0.8890993733251427
558,0.41962881293642035,0.6468792998463355,-0.23294601828547923,0.8747465612905394
559,0.4203748621830209,0.6520473590609401,-0.1959288434312706,0.8636706117430626
560,0.4211209114296214,0.6572142721156391,-0.1766039088323309,0.8581668883745401
561,0.4218669606762219,0.6703193140832777,-0.1572789742333898,0.8526631650060174
562,0.4226130099228224,0.7094451539262858,-0.13795403963445013,0.8471594416374949
563,0.42335905916942296,0.7507048919057807,-0.1746010159529914,0.8726992147795735
564,0.42410510841602345,0.7915960069934043,-0.2249901743115424,0.8858032745414397
565,0.424851157662624,0.8345437597168484,-0.29061625466934893,0.8879222876263613
566,0.4255972069092245,0.873001297630908,-0.33449077090012735,0.890591340262287
567,0.426343256155825,0.8996950873637823,-0.3617678486193985,0.894207449786492
568,0.4270893054024255,0.9154368832339864,-0.37778734723546176,0.8981335067714682
569,0.427835354649026,0.9216167070258292,-0.38479032486702797,0.9027007533465097
570,0.42858140389562654,0.9181508004536741,-0.3838589208938571,0.9083573282506351
571,0.42932745314222703,0.9119003742939915,-0.3779330783348378,0.9143336009890379
572,0.4300735023888276,0.8972821431349042,-0.36885154323194247,0.9200833675521175
573,0.43081955163542807,0.8781816914543935,-0.3572862476305094,0.9256837585273509
574,0.4315656008820286,0.8586464911319318,-0.34279419577935616,0.9314188638381027
575,0.4323116501286291,0.8398633798990149,-0.3247330749656404,0.9375291063684081
576,0.43305769937522964,0.8240762535794149,-0.3031271344524584,0.943903187173431
577,0.43380374862183013,0.8036394684134367,-0.2778608755131275,0.9503905495600596
578,0.4345497978684307,0.7858259786907115,-0.24906190940972836,0.9567142948894473
579,0.43529584711503116,0.7781765970107127,-0.21595108811645689,0.962793149878499
580,0.4360418963616317,0.7912432177015346,-0.1753041580971992,0.9690372240992279
581,0.4367879456082322,0.7928981052728956,-0.13308083942048848,0.9735798413599552
582,0.43753399485483274,0.8187401414639768,-0.08923107125253406,0.9762129097353356
583,0.43828004410143323,0.8252279657842367,-0.044698006242869966,0.9764448639710186
584,0.4390260933480337,0.8151526931062861,0.0038846026180666404,0.9741476993003293
585,0.43977214259463426,0.7834401070301116,0.06127252646779647,0.9689450189395085
586,0.44051819184123475,0.7261411249368122,0.12514740985723471,0.9601953107811282
587,0.4412642410878353,0.7243133218970607,0.19529876913578278,0.9468949545734113
588,0.4420102903344358,0.7399880475568202,0.24361658971765715,0.9370783435960773
589,0.44275633958103633,0.731930426801071,0.29647802750227387,0.9227375687524279
590,0.4435023888276368,0.6929373263963676,0.33288716638520244,0.9113166175172713
591,0.44424843807423736,0.6565417468914967,0.36709110158140856,0.8975986477194554
592,0.44499448732083785,0.6590699084681293,0.39286585240918015,0.8842012647980335
593,0.4457405365674384,0.6500804490591531,0.42202860015882354,0.8651538126426104
594,0.4464865858140389,0.6398654005638167,0.44828091040329726,0.8424846219747804
595,0.4472326350606394,0.6342552020494253,0.4701256719291974,0.8158263373067577
596,0.4479786843072399,0.6302318069926889,0.4909427814949382,0.7815777168043176
597,0.44872473355384046,0.6281237550996533,0.5142628124937685,0.7340758890298629
598,0.44947078280044095,0.6335934342490842,0.5328549285185559,0.6794010590053761
599,0.45021683204704144,0.6483988485488867,0.5411933212512495,0.6424502318005709
600,0.450962881293642,0.6586868565285559,0.5330945411993572,0.6123287821198837
601,0.45170893054024247,0.6651873281635079,0.49578589919327676,0.5811214971045012
602,0.452454979786843,0.6721667082833205,0.5487039139734041,0.5479442027242378
603,0.4532010290334435,0.6773098083474843,0.5930147421280446,0.5429332032464715
604,0.45394707828004405,0.6772999211318022,0.6099875780942516,0.546715702604783
605,0.45469312752664454,0.6802332128915262,0.6269604140604573,0.5504982019630942
606,0.4554391767732451,0.685638312514252,0.6485258287425774,0.5553119152418036
607,0.45618522601984557,0.6898325671293911,0.6961657713793542,0.5635498200992618
608,0.4569312752664461,0.6949715026443747,0.7351131113587656,0.5624968733611657
609,0.4576773245130466,0.6992010692527529,0.763734844829125,0.5600743839642017
610,0.45842337375964715,0.7028298639402928,0.7845207327861594,0.5573816895524338
611,0.45916942300624763,0.7061549958208098,0.8006086329496058,0.5532087126938032
612,0.4599154722528481,0.7084767679811199,0.8104419803703109,0.5525880770825824
613,0.46066152149944867,0.7104446536055052,0.8144982613036432,0.5564933904027475
614,0.46140757074604916,0.7139529411421746,0.8141260166094693,0.5638080018348663
615,0.4621536199926497,0.7189995267196001,0.8124632401622468,0.5709221744365754
616,0.4628996692392502,0.7287335489211326,0.8107970291799094,0.5765844561440076
617,0.46364571848585073,0.7370769379724325,0.8091009514022349,0.5813100618151898
618,0.4643917677324512,0.7442479383489161,0.808772823153747,0.5834331086065597
619,0.46513781697905177,0.7511543158322235,0.8084596579549684,0.5849525717914024
620,0.46588386622565225,0.7590031637791262,0.8059762850349241,0.5891531771031885
621,0.4666299154722528,0.7613975445147906,0.8013596566557744,0.5960151507783175
622,0.4673759647188533,0.7623992976168588,0.7987311928198583,0.6000506391605271
623,0.46812201396545383,0.7633404591088923,0.7962408143863215,0.6036963471932265
624,0.4688680632120543,0.7638017794967724,0.7938407159393067,0.607066182520208
625,0.46961411245865486,0.7624990204207984,0.790747059797546,0.6112269618297453
626,0.47036016170525535,0.7602725841296055,0.7866357434513918,0.6166287863041309
627,0.47110621095185584,0.7593118097975643,0.7835864496264177,0.6206250781228031
628,0.4718522601984564,0.7612481025502219,0.7811119754559117,0.6238361924668011
629,0.4725983094450569,0.7654464335534117,0.7793579456803551,0.6260940396786688
630,0.4733443586916574,0.7730613713525023,0.7769516788984974,0.6291186856611446
631,0.4740904079382579,0.786722197328015,0.7745509123489511,0.6320795042385153
632,0.47483645718485845,0.8059010536783268,0.7722616700336928,0.6348535819128438
633,0.47558250643145894,0.8321022230726173,0.7704799618236093,0.6369605554397932
634,0.4763285556780595,0.8604071253822029,0.7678248334604089,0.640083161469602
635,0.47707460492466,0.8819378789722181,0.7637163062345652,0.6449185133764503
636,0.4778206541712605,0.8982332938834952,0.7588101388044391,0.650630838535631
637,0.478566703417861,0.9111650104076452,0.7536509447906348,0.6565599129445525
638,0.47931275266446155,0.9218414845946361,0.7493678498689603,0.6614129717435131
639,0.48005880191106204,0.9321034348601327,0.7449813490366843,0.6662856977297315
640,0.4808048511576626,0.9430561631080949,0.7404541120896804,0.6712159435823888
641,0.48155090040426307,0.9531141999269052,0.7356441621655457,0.676358164063958
642,0.48229694965086356,0.9613002702796782,0.7293638222835876,0.6830189032955286
643,0.4830429988974641,0.9685713980933066,0.7239910972680829,0.6886201806400002
644,0.4837890481440646,0.9750985419931443,0.7189595399233297,0.6937482936229218
645,0.48453509739066514,0.9805300640821545,0.7131587744032571,0.6995245565736913
646,0.4852811466372656,0.984681586055062,0.7047630912765395,0.7078543188109266
647,0.48602719588386617,0.9878182632826943,0.6964799027738314,0.7159098130567761
648,0.48677324513046666,0.9898312902879451,0.687303733359597,0.7246206286603863
649,0.4875192943770672,0.9912652240797146,0.6780401159488635,0.7332327021847821
650,0.4882653436236677,0.9918780722677084,0.6698469760979464,0.7406779421012877
651,0.48901139287026824,0.9915374952517634,0.6608368127423128,0.7486791682128929
652,0.4897574421168687,0.9902194653340168,0.6516908768289958,0.7565735681879551
653,0.49050349136346927,0.9878763563608262,0.6418219795151768,0.764864216450695
654,0.49124954061006976,0.9848858102024038,0.6317647432818961,0.7730712710374624
655,0.49199558985667025,0.9813241223208432,0.6209521833956044,0.7816417772856108
656,0.4927416391032708,0.977040705655818,0.6087893395633671,0.7910089650992126
657,0.4934876883498713,0.9714076556175402,0.5974192747932793,0.7994879021883909
658,0.4942337375964718,0.963402875103638,0.5845427996908461,0.8088085878276483
659,0.4949797868430723,0.9527293595246838,0.5708848245025345,0.8183889968187632
660,0.49572583608967286,0.9391097124214502,0.5569621428046738,0.8278316430967062
661,0.49647188533627334,0.92112293975644,0.5425684896670186,0.8372590182284492
662,0.4972179345828739,0.9021668622605025,0.5272666452095942,0.8469409629953957
663,0.4979639838294744,0.8862848816461212,0.5135608371783538,0.855335869798454
664,0.4987100330760749,0.8692853132355305,0.49924434807106866,0.8637470383899868
665,0.4994560823226754,0.8480756782160164,0.4845617731135695,0.8720204850348757
666,0.500202131569276,0.8259744715036839,0.469501435034307,0.8801678687690387
667,0.5009481808158764,0.8007572482361953,0.4540958020248244,0.8881592619396506
668,0.501694230062477,0.7689929673515042,0.4388323997264129,0.8957478322991177
669,0.5024402793090775,0.7306543585418371,0.4243409034817347,0.9026151418209607
670,0.503186328555678,0.68666304072048,0.4095327711767849,0.9092743090209974
671,0.5039323778022785,0.6378941460841984,0.39242027272342395,0.9166252780045686
672,0.504678427048879,0.609635169979809,0.3738530742958207,0.9242238943922108
673,0.5054244762954795,0.5802457438903577,0.3555668930222607,0.9312767856799284
674,0.5061705255420801,0.5493084347432531,0.33769037723103046,0.9377576110868063
675,0.5069165747886806,0.540955853505498,0.31964540982000583,0.9438660569232525
676,0.5076626240352811,0.5320736933776654,0.3007376702387769,0.9498161775057821
677,0.5084086732818816,0.5152468062419703,0.2803877424554033,0.9557520648143407
678,0.5091547225284822,0.4904638058512495,0.2582620258648912,0.9617160578666978
679,0.5099007717750826,0.4620613047396419,0.2352159537329983,0.9674058221643727
680,0.5106468210216831,0.4235889258756639,0.21160496419975314,0.9726776079792652
681,0.5113928702682836,0.37930385144096945,0.18980988912561766,0.9769578585001368
682,0.5121389195148842,0.33391750795556246,0.16601461476017687,0.9810221536273966
683,0.5128849687614847,0.2918888876873737,0.14028491075616525,0.9848061795925883
684,0.5136310180080852,0.24552590480999964,0.11426591608709435,0.9879939601704179
685,0.5143770672546857,0.19678482409775477,0.08842248935264752,0.990488148090805
686,0.5151231165012862,0.15258745356721004,0.0618498810123446,0.9923636870653951
687,0.5158691657478868,0.11072494095015048,0.035558983348101134,0.9935342014743135
688,0.5166152149944873,0.06503910814659067,0.010470586040971994,0.9939519767319677
689,0.5173612642410877,0.014435162303715467,-0.015669048181102208,0.9936176075513325
690,0.5181073134876882,-0.03862549970102497,-0.04322232099619042,0.9924424304850797
691,0.5188533627342888,-0.09123922132949348,-0.07259594456270109,0.9903970076518032
692,0.5195994119808893,-0.14184246926858762,-0.10231304956554596,0.9874664053386497
693,0.5203454612274898,-0.1883172705086552,-0.13298491359329806,0.9835511730575336
694,0.5210915104740903,-0.23173319692085556,-0.16395943120935144,0.9786787975432206
695,0.5218375597206909,-0.2726465744567822,-0.19583156000878224,0.9727001545100842
696,0.5225836089672914,-0.3122411074070299,-0.22752655753371803,0.9658057751905723
697,0.5233296582138919,-0.3528176849676413,-0.2604137044917055,0.9576536316400106
698,0.5240757074604924,-0.39055162186625003,-0.29198515917615947,0.9488284933798625
699,0.5248217567070929,-0.4255310441414833,-0.32045723527966097,0.9400570911406664
700,0.5255678059536935,-0.45829151565459897,-0.3476501515450772,0.9308663474062207
701,0.526313855200294,-0.49148911950152707,-0.3719202402302274,0.9219774421595301
702,0.5270599044468944,-0.5250038458332651,-0.3933893953402421,0.9134800285534521
703,0.5278059536934949,-0.5569526789977309,-0.4144244448280494,0.9044427114893914
704,0.5285520029400955,-0.5870775441987889,-0.43530943798918087,0.8947975865431241
705,0.529298052186696,-0.6126671066716832,-0.4559867484299265,0.8845740646541635
706,0.5300441014332965,-0.6371098499469053,-0.47742271380846846,0.8732594795730587
707,0.530790150679897,-0.6617024224524866,-0.4990197437631932,0.8611637691480388
708,0.5315361999264976,-0.6877207812030295,-0.5199836518623582,0.8487795458335998
709,0.5322822491730981,-0.7130243688839193,-0.539671249030758,0.8365178022942559
710,0.5330282984196986,-0.7384824029569705,-0.5586573049156551,0.824056174373593
711,0.533774347666299,-0.7619040622263842,-0.5778852702304033,0.8107705925716766
712,0.5345203969128995,-0.7830839930695113,-0.5978854271792431,0.7962950445880695
713,0.5352664461595001,-0.8032189079814922,-0.6169516652355449,0.7818930053611477
714,0.5360124954061006,-0.8233208092738618,-0.6342688117254288,0.7682458015079094
715,0.5367585446527011,-0.8438108198805763,-0.6497452257368876,0.7554846844541887
716,0.5375045938993016,-0.8630513386854313,-0.6643073367173874,0.7429370860856932
717,0.5382506431459022,-0.8801491384868549,-0.6789880640155843,0.7297368236393638
718,0.5389966923925027,-0.8956563763479026,-0.6937972959291555,0.715871623162194
719,0.5397427416391032,-0.9101124073325629,-0.7087446182220067,0.7013737518911896
720,0.5404887908857037,-0.9237245966911161,-0.721889219058885,0.6882500660913424
721,0.5412348401323043,-0.9362057406710356,-0.7337309071130989,0.6760375253857401
722,0.5419808893789048,-0.947815452990068,-0.7436248473102863,0.6655673964194742
723,0.5427269386255053,-0.9575778041185459,-0.7524597785663789,0.6558838405935927
724,0.5434729878721057,-0.966009520206338,-0.7607822774906791,0.6464430477303973
725,0.5442190371187063,-0.9727076479728385,-0.7696821456410682,0.6360336718322124
726,0.5449650863653068,-0.9779141969402964,-0.7779786966805998,0.6260640374026817
727,0.5457111356119073,-0.9813147563021118,-0.7858340201451349,0.6163713535981197
728,0.5464571848585078,-0.9829607412800262,-0.7931886971518791,0.6070674094184149
729,0.5472032341051083,-0.9826795073126665,-0.7996276037163416,0.5987407926859949
730,0.5479492833517089,-0.9803809877481816,-0.8055244199797429,0.5909222132424864
731,0.5486953325983094,-0.97590270589075,-0.8111737378181765,0.5832302410408557
732,0.5494413818449099,-0.9688977161259028,-0.8164481834767898,0.5758711869898954
733,0.5501874310915104,-0.9599058339567215,-0.8199478405224003,0.5709070833280739
734,0.550933480338111,-0.9491059740396915,-0.8238425707033961,0.565216782817178
735,0.5516795295847114,-0.9365164682901665,-0.8291057967681216,0.5574160474542066
736,0.5524255788313119,-0.921896110164951,-0.8339645407117211,0.5500267730591363
737,0.5531716280779124,-0.9056138999791621,-0.8381423090328224,0.5434562448906407
738,0.553917677324513,-0.887265425388139,-0.843055509657649,0.5355330044555755
739,0.5546637265711135,-0.866375963887865,-0.8473582173742322,0.5283277577783239
740,0.555409775817714,-0.8440443465271651,-0.8516408258380057,0.520792477649703
741,0.5561558250643145,-0.8201291877320612,-0.855089100108168,0.5142185994120186
742,0.556901874310915,-0.7942008600576527,-0.856562711092999,0.5105278250409379
743,0.5576479235575156,-0.7652003197704949,-0.8552284287379027,0.5110893363677037
744,0.5583939728041161,-0.7332305978139012,-0.8520547621971661,0.513901261037245
745,0.5591400220507166,-0.6991028874134473,-0.8467798057153532,0.5190889397712272
746,0.559886071297317,-0.6629392233718842,-0.8392995461445302,0.5263561502434637
747,0.5606321205439176,-0.6256335430305167,-0.8303819233096974,0.5338074989965327
748,0.5613781697905181,-0.5855759301764979,-0.8168502673676563,0.5456536671145361
749,0.5621242190371186,-0.5434244633006401,-0.7994886278204151,0.559162044838485
750,0.5628702682837191,-0.5004927697535874,-0.7747864251901196,0.5783591549357332
751,0.5636163175303197,-0.4549554654663709,-0.7408747185132107,0.6040643228463636
752,0.5643623667769202,-0.40756414223353127,-0.7013699338786599,0.6281074245088895
753,0.5651084160235207,-0.35817691664357765,-0.6537033650349992,0.6505506256091214
754,0.5658544652701212,-0.30833469722441026,-0.6022080710535018,0.664139471485757
755,0.5666005145167217,-0.2595907693929399,-0.5443424274845755,0.6664888046643269
756,0.5673465637633223,-0.20920995443346665,-0.48000306448957797,0.652024217039214
757,0.5680926130099228,-0.15562146973256594,-0.3936075462156718,0.6222360770436507
758,0.5688386622565232,-0.10176017901399646,-0.2771615149395392,0.5729591513567723
759,0.5695847115031237,-0.046056575106009606,-0.11243438204488136,0.5015245090651923
760,0.5703307607497243,0.008125417251608136,0.13305091619884976,0.4126184326145766
761,0.5710768099963248,0.062448011598965215,0.38593531282485416,0.3401439483213281
762,0.5718228592429253,0.11761402314884656,0.5634448745738507,0.29600765621826214
763,0.5725689084895258,0.1713363438053251,0.6879061176226774,0.2677615337845192
764,0.5733149577361264,0.22533436684702646,0.7747356798192401,0.2514304883188848
765,0.5740610069827269,0.2767870993715804,0.834462886660525,0.23979784175677438
766,0.5748070562293274,0.32688873355240966,0.8764829637562861,0.23111168030259083
767,0.5755531054759279,0.3736098377057337,0.905576547126319,0.2281228109232537
768,0.5762991547225284,0.4175188324611619,0.9261036564609673,0.2261054461737755
769,0.577045203969129,0.4599214160227858,0.9405161417629454,0.2249293489176127
770,0.5777912532157294,0.5017126424971432,0.9506669369047038,0.22398265605045853
771,0.5785373024623299,0.542970217940975,0.9573776796722339,0.2250683464648828
772,0.5792833517089304,0.5829244373381939,0.9616118151511063,0.22766244497256877
773,0.580029400955531,0.6220793443711448,0.9644558972640962,0.22946437800518926
774,0.5807754502021315,0.658378889631643,0.9658706802588585,0.2324227728003879
775,0.581521499448732,0.6940709640415045,0.9663415417707303,0.23588608608708198
776,0.5822675486953325,0.7297035975110853,0.9658245820856509,0.2406924758796542
777,0.5830135979419331,0.7635619536216137,0.9644421268867609,0.24663946207809298
778,0.5837596471885336,0.7953538382217958,0.9644219896580248,0.246478782060454
779,0.5845056964351341,0.8258540509646991,0.9641118562648667,0.24725174190123744
780,0.5852517456817345,0.8532019143509738,0.9659721035410307,0.24040053404160078
781,0.5859977949283351,0.8767056216038771,0.9671123070798263,0.2354955354188686
782,0.5867438441749356,0.8964959648837318,0.9655142497770843,0.241018556234339
783,0.5874898934215361,0.91461243791573,0.9625299105117796,0.250590939090515
784,0.5882359426681366,0.9316501360543761,0.9598016290861551,0.25800482562023025
785,0.5889819919147371,0.9458138005922941,0.9539606430589322,0.27615627890884215
786,0.5897280411613377,0.956890837448238,0.944960357085568,0.3035383681186294
787,0.5904740904079382,0.9642531846249979,0.9378316527625508,0.32592948100742625
788,0.5912201396545387,0.9676789201751917,0.931467453600915,0.34455193382261246
789,0.5919661889011392,0.9671857564777808,0.923715836517053,0.3645488184273149
790,0.5927122381477398,0.9624283111135025,0.9146295508365246,0.3854712467888741
791,0.5934582873943403,0.9534072243217878,0.9036406422272264,0.408518775128638
792,0.5942043366409407,0.9407446261997471,0.8912543631748816,0.4321483933331883
793,0.5949503858875412,0.9248996345249406,0.8765788320156674,0.45789532059636473
794,0.5956964351341418,0.9055897914306065,0.8593779336490278,0.48560166818901346
795,0.5964424843807423,0.882419828490168,0.8395378549438204,0.5148577639024592
796,0.5971885336273428,0.8550709958319594,0.8170482963494359,0.5449179704066097
797,0.5979345828739433,0.8230245517510235,0.7909103396532453,0.576584531574296
798,0.5986806321205438,0.7878315531002685,0.7609349331789469,0.6091048054304651
799,0.5994266813671444,0.747995715701974,0.723678040932542,0.6456720949500779
800,0.6001727306137449,0.7022897912949548,0.6810320833666178,0.6827100277221725
801,0.6009187798603454,0.6539517963820175,0.6323325169032274,0.7196415374843717
802,0.6016648291069459,0.6011172965006487,0.5754718915785766,0.7570075791406616
803,0.6024108783535465,0.5424095093837289,0.5081160835642495,0.7952515540657842
804,0.6031569276001469,0.48127802066721137,0.43015623472802994,0.8324631062075215
805,0.6039029768467474,0.41745218611649454,0.3433722506178358,0.8658763316683555
806,0.6046490260933479,0.35243506529780183,0.24961115003781614,0.8931625743969988
807,0.6053950753399485,0.28491486279887385,0.1505719287771914,0.9119966579384483
808,0.606141124586549,0.21346252878144417,0.04923867438572351,0.9215816391436302
809,0.6068871738331495,0.13952965961111552,-0.05280571505108585,0.9217223417656566
810,0.60763322307975,0.06391650520806985,-0.15352643554921833,0.91271913346533
811,0.6083792723263505,-0.013603038249053963,-0.2511081694943967,0.8949488351464806
812,0.6091253215729511,-0.0886846224270153,-0.34436294307028875,0.869684098592706
813,0.6098713708195516,-0.16221951488079628,-0.4259732728094919,0.8410914336777914
814,0.610617420066152,-0.23410117632497074,-0.49890724607972403,0.8090333287360947
815,0.6113634693127525,-0.3018942091012135,-0.5579687257741964,0.7789270643773675
816,0.6121095185593531,-0.3657705743361086,-0.6087005778648859,0.7482376726655259
817,0.6128555678059536,-0.4261887161101165,-0.6529588362883976,0.7173834975491875
818,0.6136016170525541,-0.48367095230723056,-0.6916711029800929,0.6867182033404787
819,0.6143476662991546,-0.5392048708633916,-0.7262465624790964,0.6558584421256245
820,0.6150937155457552,-0.5933203782623445,-0.7569326116512954,0.6254520246200755
821,0.6158397647923557,-0.6450541090548879,-0.7833226051190387,0.5968640942427713
822,0.6165858140389562,-0.6959764124206035,-0.805514347964591,0.5708044027784358
823,0.6173318632855567,-0.7423881655289013,-0.8255670280950358,0.5450062411846451
824,0.6180779125321573,-0.7830818176868221,-0.8431374701889967,0.5203595319624505
825,0.6188239617787578,-0.8194995483154534,-0.8586817389847407,0.49689466394996723
826,0.6195700110253582,-0.8521299764078322,-0.8721653815521051,0.4751103144988027
827,0.6203160602719587,-0.8802324860442924,-0.8844249305152191,0.4538231891899952
828,0.6210621095185592,-0.9039229046449562,-0.8957263782865114,0.43286528018096476
829,0.6218081587651598,-0.9239865676992345,-0.9053287760080282,0.4140406002760066
830,0.6225542080117603,-0.9395698857338334,-0.9131704146686498,0.39782274835737924
831,0.6233002572583608,-0.9502665385846415,-0.9201602804877225,0.3823387637128785
832,0.6240463065049613,-0.955241991029283,-0.9261371211742663,0.36810367666773136
833,0.6247923557515619,-0.9547551735070242,-0.931277638824553,0.3548048622111619
834,0.6255384049981624,-0.9488818765067503,-0.9363164552104221,0.3406172946255979
835,0.6262844542447629,-0.9378364156485947,-0.9407793195545927,0.32668836599180984
836,0.6270305034913634,-0.9214790844588557,-0.9453465971131648,0.3109442047829939
837,0.627776552737964,-0.9002686199016694,-0.9493551090912973,0.29522358809813154
838,0.6285226019845644,-0.8745259051622196,-0.9534597054330186,0.2770331570592912
839,0.6292686512311649,-0.8444173192171762,-0.9552504853589885,0.2654650206833319
840,0.6300147004777654,-0.8099321454004861,-0.9555055429905752,0.25573277406419526
841,0.6307607497243659,-0.7695103278053376,-0.9542310887664778,0.24605647789178847
842,0.6315067989709665,-0.7225912721355571,-0.951026091383178,0.23650674628681032
843,0.632252848217567,-0.6713384219514061,-0.9445792489542151,0.2320442154820259
844,0.6329988974641675,-0.6155338925021948,-0.932633031877093,0.24040027160851915
845,0.633744946710768,-0.5555472789695908,-0.9166183966714193,0.24663556413412505
846,0.6344909959573686,-0.4933407281500625,-0.8951209178244983,0.24933413157910544
847,0.6352370452039691,-0.428158604788569,-0.8635356041640062,0.2572148813135184
848,0.6359830944505696,-0.3609682337396232,-0.8192587890658273,0.2661534875291682
849,0.63672914369717,-0.28974333741859426,-0.7578206027688703,0.2680969708573898
850,0.6374751929437706,-0.21642701980670997,-0.6744894332110055,0.25644376373114236
851,0.6382212421903711,-0.14192029142848778,-0.5595620180717444,0.22927870765935413
852,0.6389672914369716,-0.0653922503261072,-0.3962163314321725,0.19079934326272766
853,0.6397133406835721,0.009924795210715279,-0.1603334989063351,0.15598799125545984
854,0.6404593899301726,0.08304990707146898,0.04124718025846193,0.13779053091078047
855,0.6412054391767732,0.15666272585687496,0.2838055808181854,0.12179278877823738
856,0.6419514884233737,0.22842148685223018,0.4978412980074305,0.108119997594021
857,0.6426975376699742,0.29656444899135187,0.6465155502257721,0.09965283533427499
858,0.6434435869165747,0.36221584960580944,0.7491673147790872,0.09591831767058005
859,0.6441896361631753,0.4252509173493649,0.8217435157514732,0.09379055084257933
860,0.6449356854097757,0.4860086934118368,0.872866924652378,0.093867287427619
861,0.6456817346563762,0.5443072686939594,0.9089111901976504,0.09390980943210124
862,0.6464277839029767,0.6002424592385676,0.9344769222293778,0.09141352963960228
863,0.6471738331495773,0.6538054874436637,0.95253056030824,0.08742706214842498
864,0.6479198823961778,0.704217665313722,0.9650025910441161,0.08467747725590716
865,0.6486659316427783,0.7502585962945479,0.9732247554453828,0.08590347598831283
866,0.6494119808893788,0.7910987388043633,0.9778417257289649,0.09640423994068882
867,0.6501580301359794,0.8277947097271302,0.9803067575150147,0.10740020058603637
868,0.6509040793825799,0.8602337453951132,0.9812396968037803,0.11803579011423528
869,0.6516501286291804,0.8881060579198653,0.9800216319097462,0.13711807464511802
870,0.6523961778757809,0.9113039982597786,0.9768548357427399,0.1620518653122738
871,0.6531422271223813,0.9294823322936211,0.9721996487806671,0.189016577499754
872,0.653888276368982,0.9424946748101922,0.9663062829452564,0.2161660496833669
873,0.6546343256155824,0.9500765210666746,0.9589810048518826,0.24420633556266627
874,0.6553803748621829,0.9515202449144555,0.9500850833876983,0.2729191106247236
875,0.6561264241087834,0.9468419005556377,0.9392716999079929,0.30301748283347424
876,0.656872473355384,0.9364197238708618,0.9266921851496058,0.33327941087143276
877,0.6576185226019845,0.9201421332184415,0.9112279045238666,0.36615867860062096
878,0.658364571848585,0.8977834763352881,0.8928275670973466,0.4005085477209389
879,0.6591106210951855,0.8696824391020282,0.8708740293973597,0.43639731047136376
880,0.6598566703417861,0.8354907253869077,0.8451721947207196,0.47280577680375563
881,0.6606027195883866,0.7948934392673817,0.8128510524572592,0.513564329082077
882,0.661348768834987,0.7477495129493701,0.7737747617944837,0.5563476445892738
883,0.6620948180815875,0.6937168517411335,0.7240926064887712,0.6037393396333843
884,0.662840867328188,0.6335648032339493,0.6647839256207304,0.6518267611119917
885,0.6635869165747886,0.5713001183637005,0.5943149222125333,0.6992765122911065
886,0.6643329658213891,0.5076060415274154,0.5087491942484482,0.7471256488791549
887,0.6650790150679896,0.4405712788934178,0.4068649482584906,0.7924759804260265
888,0.6658250643145901,0.36848837002286794,0.2886041270257451,0.8321455939115232
889,0.6665711135611907,0.29018794474575343,0.1590162832131612,0.8607921617160456
890,0.6673171628077912,0.20585802563535505,0.0233931293462675,0.8751985868970198
891,0.6680632120543917,0.11700600938444043,-0.1115751205647753,0.8732523152651884
892,0.6688092613009922,0.027275955440627875,-0.2346076199777869,0.8584792898821376
893,0.6695553105475928,-0.0612043794086945,-0.3409015500186687,0.835104392699463
894,0.6703013597941933,-0.14693334781319684,-0.4379626677645031,0.8027063256794094
895,0.6710474090407937,-0.22736038061259672,-0.5232455947259979,0.7654141029827629
896,0.6717934582873942,-0.3036252996463645,-0.5936967445938165,0.7281749057534964
897,0.6725395075339947,-0.3783612921130539,-0.6521803801410143,0.6914393053761169
898,0.6732855567805953,-0.4499058300876301,-0.7011541596453231,0.6554629608509326
899,0.6740316060271958,-0.5176731245288818,-0.7420865715423884,0.6206706499196981
900,0.6747776552737963,-0.5811122087003356,-0.7762620368073028,0.5875202900027878
901,0.6755237045203968,-0.639794361179557,-0.8052541813012276,0.5560109526348403
902,0.6762697537669974,-0.6924609842980608,-0.8295770820575403,0.5268831563498667
903,0.6770158030135979,-0.7397843513188395,-0.848717247516663,0.5023042689674408
904,0.6777618522601984,-0.7808056369567035,-0.8636422251226846,0.4817484802262925
905,0.6785079015067988,-0.8143017798800201,-0.8751259523137191,0.46472356160244255
906,0.6792539507533994,-0.8380373553488344,-0.8832858842584567,0.4517571664467658
907,0.6799999999999999,-0.8505432845744042,-0.8872973231904503,0.44526758153225887
